Name,Rarity,Recycles To,Salvages To,Sell Price,Category,Keep for Quests/Workshop,Reverse Recycle,Verdict,Sell Value Gain %,Recycle Value Gain %,Workshop Requirement,Quest Usage,Crafting,CraftingAmount
Advanced ARC Powercell,Rare,2× ARC Powercell,1× ARC Powercell,640.0,Loot,,[],KEEP,16,50,[],[],"['Energy Clip', 'Surge Shield Recharger']",
Advanced Electrical Components,Rare,1× Electrical Components 1× Wires,1× Electrical Components,1750.0,Loot,5x Workshop 5x Expedition,"[[""Combat Mk. 3 (Aggressive)"", 1], [""Combat Mk. 3 (Flanking)"", 1], [""Frequency Modulation Box"", 1], [""Looting Mk. 3 (Cautious)"", 1], [""Looting Mk. 3 (Survivor)"", 1], [""Photoelectric Cloak"", 1], [""Power Rod"", 1], [""Rocketeer Driver"", 2], [""Spectrometer"", 1], [""Tactical Mk. 3 (Defensive)"", 1], [""Tactical Mk. 3 (Healing)"", 1], [""Telemetry Transceiver"", 1]]",KEEP,52,24,"[[""Gear Bench"", 3, 5], [""Utility Station"", 3, 5]]",[],"['Raider Hatch Key', 'Photoelectric Cloak', 'Snap Hook', 'Power Rod', 'Looting Mk. 3 (Cautious)', 'Looting Mk. 3 (Survivor)', 'Combat Mk. 3 (Aggressive)', 'Combat Mk. 3 (Flanking)', 'Tactical Mk. 3 (Defensive)', 'Tactical Mk. 3 (Healing)', 'Showstopper', 'Heavy Shield']",
Advanced Mechanical Components,Rare,1× Steel Spring 1× Mechanical Components,1× Mechanical Components,1750.0,Loot,5x Workshop,"[[""Bastion Cell"", 2], [""Bettina 1"", 1], [""Bettina 2"", 2], [""Bettina 3"", 2], [""Bettina 4"", 3], [""Bobcat 1"", 2], [""Bobcat 2"", 3], [""Bobcat 3"", 4], [""Bobcat 4"", 5], [""Bombardier Cell"", 2], [""Hullcracker 1"", 2], [""Hullcracker 2"", 2], [""Hullcracker 3"", 3], [""Hullcracker 4"", 4], [""Leaper Pulse Unit"", 2], [""Magnetic Accelerator"", 1], [""Microscope"", 1], [""Mini Centrifuge"", 1], [""Osprey 1"", 1], [""Osprey 2"", 2], [""Osprey 3"", 2], [""Osprey 4"", 3], [""Renegade 1"", 1], [""Renegade 2"", 2], [""Renegade 3"", 2], [""Renegade 4"", 3], [""Tempest 1"", 2], [""Tempest 2"", 3], [""Tempest 3"", 4], [""Tempest 4"", 5], [""Torrente 1"", 1], [""Torrente 2"", 2], [""Torrente 3"", 2], [""Torrente 4"", 3], [""Venator 1"", 1], [""Venator 2"", 2], [""Venator 3"", 2], [""Venator 4"", 3], [""Vulcano 1"", 2], [""Vulcano 2"", 2], [""Vulcano 3"", 3], [""Vulcano 4"", 4]]",KEEP,46,32,"[[""Gunsmith"", 3, 5]]",[],"['Bettina I', 'Bettina II', 'Bettina III', 'Bettina IV', 'Bobcat I', 'Bobcat II', 'Bobcat III', 'Bobcat IV', 'Osprey I', 'Osprey II', 'Osprey III', 'Osprey IV', 'Renegade I', 'Renegade II', 'Renegade III', 'Renegade IV', 'Tempest I', 'Tempest II', 'Tempest III', 'Tempest IV', 'Torrente I', 'Torrente II', 'Torrente III', 'Torrente IV', 'Venator I', 'Venator III', 'Vulcano I', 'Vulcano II', 'Vulcano III', 'Vulcano IV', 'Magnetic Accelerator', 'Aphelion', 'Equalizer', 'Hullcracker I', 'Jupiter', 'Bettina 1', 'Bettina 2', 'Bettina 3', 'Bettina 4', 'Renegade 1', 'Renegade 2', 'Renegade 3', 'Renegade 4', 'Venator 1', 'Venator 2', 'Venator 3', 'Venator 4', 'Torrente 1', 'Torrente 2', 'Torrente 3', 'Torrente 4', 'Osprey 1', 'Osprey 2', 'Osprey 3', 'Osprey 4', 'Bobcat 1', 'Bobcat 2', 'Bobcat 3', 'Bobcat 4', 'Hullcracker 1', 'Hullcracker 2', 'Hullcracker 3', 'Hullcracker 4', 'Tempest 1', 'Tempest 2', 'Tempest 3', 'Tempest 4', 'Vulcano 1', 'Vulcano 2', 'Vulcano 3', 'Vulcano 4']",
Agave,Uncommon,3x Assorted Seeds,,1000.0,Loot,,[],RECYCLE,70,-,[],[],['Agave Juice'],
Air Freshener,Uncommon,Cannot be recycled,,2000.0,Loot,,[],KEEP,-,-,[],[],['Flame Spray'],
Alarm Clock,Rare,1× Processor 6× Plastic Parts,1× Processor,1000.0,Loot,,[],RECYCLE,14,42,[],[],[],
Antiseptic,Rare,10× Chemicals,5× Chemicals,1000.0,Loot,8x Workshop 2x Quest,"[[""Rusted Shut Medical Kit"", 1], [""Sterilized Bandage"", 1], [""Vita Spray"", 1]]",KEEP,50,50,"[[""Medical Lab"", 3, 8]]",[],"['Sterilized Bandage', 'Vita Spray', 'Vita Shot']",
Apricot,Uncommon,3x Assorted Seeds,,640.0,Loot,15x Scrappy,[],RECYCLE,53,-,[],[],['Fruit Mix'],
ARC Alloy,Uncommon,2× Metal Parts,1× Metal Parts,200.0,Loot,18x Workshop 80x Expedition,"[[""ARC Circuitry"", 2], [""ARC Motion Core"", 2], [""Bastion Cell"", 2], [""Bombardier Cell"", 2], [""Burned ARC Circuitry"", 2], [""Damaged ARC Motion Core"", 2], [""Damaged ARC Powercell"", 2], [""Damaged Fireball Burner"", 1], [""Damaged Hornet Driver"", 2], [""Damaged Rocketeer Driver"", 3], [""Damaged Tick Pod"", 1], [""Damaged Wasp Driver"", 1], [""Fireball Burner"", 1], [""Hornet Driver"", 2], [""Leaper Pulse Unit"", 3], [""Pop Trigger"", 1], [""Rocketeer Driver"", 3], [""Sentinel Firing Core"", 2], [""Shredder Gyro"", 3], [""Snitch Scanner"", 1], [""Spotter Relay"", 1], [""Surveyor Vault"", 2], [""Tick Pod"", 2], [""Wasp Driver"", 1]]",KEEP,25,50,"[[""Explosives Station"", 1, 6], [""Medical Lab"", 1, 6], [""Utility Station"", 1, 6]]","[[3, ""Clearer Skies""]]","['ARC Circuitry', 'ARC Motion Core', 'Light Shield', 'Equalizer', 'Heavy Shield', 'Hullcracker I', 'Jupiter', 'Magnetic Accelerator', 'Medium Shield', 'Power Rod', 'Wolfpack', 'Aphelion', 'Launcher Ammo', 'Snap Hook', 'Bobcat 1', 'Bobcat 2', 'Bobcat 3', 'Bobcat 4', 'Deadline', 'Hullcracker 1', 'Hullcracker 2', 'Hullcracker 3', 'Hullcracker 4', 'Tempest 1', 'Tempest 2', 'Tempest 3', 'Tempest 4', 'Vulcano 1', 'Vulcano 2', 'Vulcano 3', 'Vulcano 4']",
ARC Circuitry,Rare,2× ARC Alloy,1× ARC Alloy,1000.0,Loot,10x Workshop,"[[""Power Rod"", 1]]",KEEP,60,50,"[[""Refiner"", 3, 10]]",[],"['Medium Shield', 'Power Rod', 'Heavy Shield', 'Snap Hook', 'Deadline']",
ARC Coolant,Rare,16× Chemicals,9× Chemicals,1000.0,Loot,,[],RECYCLE,20,44,[],[],[],
ARC Flex Rubber,Rare,16× Rubber Parts,9× Rubber Parts,1000.0,Loot,,[],RECYCLE,20,44,[],[],[],
ARC Motion Core,Rare,2× ARC Alloy,1× ARC Alloy,1000.0,Loot,5x Workshop,"[[""Magnetic Accelerator"", 1], [""Wolfpack"", 1]]",KEEP,60,50,"[[""Refiner"", 2, 5]]",[],"['Magnetic Accelerator', 'Wolfpack', 'Equalizer', 'Hullcracker I', 'Jupiter', 'Launcher Ammo', 'Aphelion', 'Bobcat 1', 'Bobcat 2', 'Bobcat 3', 'Bobcat 4', 'Hullcracker 1', 'Hullcracker 2', 'Hullcracker 3', 'Hullcracker 4', 'Tempest 1', 'Tempest 2', 'Tempest 3', 'Tempest 4', 'Vulcano 1', 'Vulcano 2', 'Vulcano 3', 'Vulcano 4']",
ARC Performance Steel,Rare,12× Metal Parts,7× Metal Parts,1000.0,Loot,,[],RECYCLE,10,42,[],[],[],
ARC Powercell,Common,Cannot be recycled,,270.0,Loot,5x Workshop,"[[""Advanced ARC Powercell"", 2]]",KEEP,-,-,"[[""Refiner"", 1, 5]]",[],['Shield Recharger'],
ARC Synthetic Resin,Rare,14× Plastic Parts,8× Plastic Parts,1000.0,Loot,,[],RECYCLE,16,43,[],[],[],
ARC Thermo Lining,Rare,16× Fabric,9× Fabric,1000.0,Loot,,[],RECYCLE,20,44,[],[],[],
Assorted Seeds,Common,Cannot be recycled,,100.0,Loot,Currency for Celeste,"[[""Agave"", 3], [""Apricot"", 3], [""Fertilizer"", 2], [""Great Mullein"", 2], [""Herbal Bandage"", 2], [""Lemon"", 3], [""Moss"", 3], [""Olives"", 2], [""Prickly Pear"", 3], [""Roots"", 1], [""Sample Cleaner"", 14]]",KEEP,-,-,[],[],[],
Bastion Cell,Epic,2× Advanced Mechanical Components 2× ARC Alloy,2× Advanced Mechanical Components,5000.0,Loot,6x Workshop,[],RECYCLE,22,10,"[[""Gear Bench"", 3, 6]]",[],[],
Battery,Uncommon,2× Metal Parts,1× Metal Parts,250.0,Loot,30x Expedition,"[[""Broken Flashlight"", 2], [""Broken Taser"", 2], [""Cracked Bioscanner"", 3], [""Geiger Counter"", 3], [""Industrial Battery"", 2], [""Portable TV"", 2], [""Power Bank"", 2], [""Showstopper"", 2]]",KEEP,40,50,[],[],"['Energy Clip', 'Medium Shield', 'Jolt Mine']",
Bicycle Pump,Rare,4× Canister 10× Metal Parts,3× Canister,2000.0,Loot,,[],RECYCLE,2,54,[],[],[],
Bloated Tuna Can,Common,Cannot be recycled,,1000.0,Loot,,[],SELL,-,-,[],[],[],
Blue Gate Communication Tower Key,Rare,Cannot be recycled,,100.0,Loot,,[],KEEP,-,-,[],[],[],
Blue Gate Confiscation Room Key,Epic,Cannot be recycled,,100.0,Loot,,[],KEEP,-,-,[],[],[],
Blue Gate Cellar Key,Uncommon,Cannot be recycled,,100.0,Loot,,[],KEEP,-,-,[],[],[],
Blue Gate Village Key,Uncommon,Cannot be recycled,,100.0,Loot,,[],KEEP,-,-,[],[],[],
Bombardier Cell,Epic,2× ARC Alloy 2× Advanced Mechanical Components,?,5000.0,Loot,6x Workshop,[],RECYCLE,22,-,"[[""Refiner"", 3, 6]]",[],[],
Breathtaking Snow Globe,Epic,Cannot be recycled,,7000.0,Loot,,[],SELL,-,-,[],[],[],
Broken Flashlight,Rare,2× Battery 6× Metal Parts,7× Metal Parts,1000.0,Loot,,[],RECYCLE,5,45,[],[],[],
Broken Guidance System,Rare,4× Processor,2× Processor,2000.0,Loot,,[],RECYCLE,0,50,[],[],[],
Broken Handheld Radio,Rare,3× Sensors 2× Wires,?,2000.0,Loot,,[],RECYCLE,5,-,[],[],[],
Broken Taser,Rare,2× Battery 2× Wires,?,1000.0,Loot,,[],RECYCLE,10,-,[],[],[],
Buried City Hospital Key,Rare,Cannot be recycled,,100.0,Loot,,[],KEEP,-,-,[],[],[],
Buried City JKV Employee Access Card,Uncommon,Cannot be recycled,,100.0,Loot,,[],KEEP,-,-,[],[],[],
Buried City Residential Mastery Key,Uncommon,Cannot be recycled,,100.0,Loot,,[],KEEP,-,-,[],[],[],
Buried City Town Hall Key,Epic,Cannot be recycled,,100.0,Loot,,[],KEEP,-,-,[],[],[],
Burned ARC Circuitry,Uncommon,2× ARC Alloy,1× ARC Alloy,640.0,Loot,,[],RECYCLE,38,50,[],[],[],
Camera Lens,Uncommon,8× Plastic Parts,4× Plastic Parts,640.0,Loot,,[],RECYCLE,25,50,[],[],[],
Candle Holder,Uncommon,8× Metal Parts,4× Metal Parts,640.0,Loot,,[],RECYCLE,6,50,[],[],[],
Canister,Uncommon,3× Plastic Parts,1× Plastic Parts,300.0,Loot,,"[[""Bicycle Pump"", 4], [""Flame Spray"", 1], [""Humidifier"", 2], [""Mini Centrifuge"", 2], [""Smoke Grenade"", 1], [""Vita Spray"", 2], [""Water Filter"", 3]]",KEEP,40,67,[],[],"['Bettina I', 'Heavy Fuze Grenade', 'Smoke Grenade', 'Vita Spray', 'Smoke Grenade Trap', 'Bettina 1', 'Bettina 2', 'Bettina 3', 'Bettina 4']",
Cat Bed,Common,Cannot be recycled,,1000.0,Loot,1x Scrappy,[],SELL,-,-,[],[],[],
Chemicals,Common,Cannot be recycled,,50.0,Loot,50x Workshop,"[[""ARC Coolant"", 16], [""Adrenaline Shot"", 1], [""Antiseptic"", 10], [""Coolant"", 5], [""Cooling Coil"", 6], [""Crude Explosives"", 3], [""Fireball Burner"", 1], [""Gas Grenade"", 1], [""Household Cleaner"", 11], [""Impure ARC Coolant"", 12], [""Industrial Battery"", 7], [""Laboratory Reagents"", 16], [""Li'l Smoke Grenade"", 1], [""Light Impact Grenade"", 1], [""Oil"", 3], [""Remote Raider Flare"", 1], [""Smoke Grenade"", 2], [""Snap Blast Grenade"", 1], [""Syringe"", 3], [""Tick Pod"", 2], [""Trigger 'Nade"", 1], [""Vita Shot"", 4]]",KEEP,-,-,"[[""Explosives Station"", 1, 50]]",[],"['Heavy Ammo', 'Light Ammo', 'Medium Ammo', 'Shotgun Ammo', 'Light Impact Grenade', 'Smoke Grenade', ""Li'l Smoke Grenade"", 'Light Stick', 'Remote Raider Flare', 'Adrenaline Shot', 'Crude Explosives', 'Antiseptic', 'Gas Grenade', 'Snap Blast Grenade', 'Blaze Grenade', 'Explosive Compound', 'Heavy Fuze Grenade', 'Shrapnel Grenade', 'Sterilized Bandage', ""Trigger 'Nade"", 'Vita Spray', 'Wolfpack', 'Blaze Grenade Trap', 'Deadline', 'Explosive Mine', 'Gas Grenade Trap', 'Smoke Grenade Trap', 'Vita Shot', 'Launcher Ammo', 'Trailblazer']",
Coffee Pot,Common,Cannot be recycled,,1000.0,Loot,,[],SELL,-,-,[],[],[],
Complex Gun Parts,Epic,3× Simple Gun Parts,2× Simple Gun Parts,2000.0,Loot,,"[[""Aphelion"", 1], [""Equalizer"", 1], [""Jupiter"", 1]]",KEEP,50,33,[],[],"['Equalizer', 'Jupiter', 'Aphelion']",
Coolant,Rare,5× Chemicals 2× Oil,2× Oil,1000.0,Loot,,[],RECYCLE,15,29,[],[],[],
Cooling Coil,Rare,6× Chemicals 2× Steel Spring,2× Steel Spring,1000.0,Loot,,[],RECYCLE,10,33,[],[],[],
Cooling Fan,Rare,4× Wires 14× Plastic Parts,4× Wires,2000.0,Loot,5x Expedition,[],RECYCLE,18,51,[],[],[],
Cracked Bioscanner,Rare,3× Rubber Parts 3× Battery,2× Battery,1000.0,Loot,2x Workshop,[],RECYCLE,10,44,"[[""Medical Lab"", 2, 2]]",[],[],
Crude Explosives,Uncommon,3× Chemicals,2× Chemicals,270.0,Loot,5x Workshop,"[[""Explosive Compound"", 2], [""Laboratory Reagents"", 3], [""Pop Trigger"", 1], [""Seeker Grenade"", 1], [""Shrapnel Grenade"", 1], [""Trailblazer"", 2]]",KEEP,44,33,"[[""Explosives Station"", 2, 5]]",[],"['Explosive Compound', 'Shrapnel Grenade', 'Snap Blast Grenade', ""Trigger 'Nade"", 'Blaze Grenade', 'Heavy Fuze Grenade', 'Wolfpack', 'Blaze Grenade Trap', 'Deadline', 'Explosive Mine', 'Launcher Ammo', 'Trailblazer']",
Crumpled Plastic Bottle,Uncommon,4× Plastic Parts,1× Plastic Parts,270.0,Loot,,[],RECYCLE,11,75,[],[],[],
Dam Control Tower Key,Epic,Cannot be recycled,,100.0,Loot,,[],KEEP,-,-,[],[],[],
Dam Staff Room Key,Uncommon,Cannot be recycled,,100.0,Loot,,[],KEEP,-,-,[],[],[],
Dam Surveillance Key,Uncommon,Cannot be recycled,,100.0,Loot,,[],KEEP,-,-,[],[],[],
Dam Testing Annex Key,Rare,Cannot be recycled,,100.0,Loot,,[],KEEP,-,-,[],[],[],
Dam Utility Key,Uncommon,Cannot be recycled,,100.0,Loot,,[],KEEP,-,-,[],[],[],
Damaged ARC Motion Core,Uncommon,2× ARC Alloy,1× ARC Alloy,640.0,Loot,,[],RECYCLE,38,50,[],[],[],
Damaged ARC Powercell,Common,2× ARC Alloy,1× Metal Parts,293.0,Loot,,[],RECYCLE,-37,81,[],[],[],
Damaged Fireball Burner,Common,1× ARC Alloy,?,270.0,Loot,,[],RECYCLE,26,-,[],[],[],
Damaged Heat Sink,Rare,2× Wires 6× Metal Parts,3× Wires,1000.0,Loot,2x Workshop,[],RECYCLE,15,29,"[[""Utility Station"", 2, 2]]",[],[],
Damaged Hornet Driver,Common,2× ARC Alloy,1× ARC Alloy,640.0,Loot,,[],RECYCLE,38,50,[],[],[],
Damaged Rocketeer Driver,Common,3× ARC Alloy,2× ARC Alloy,2000.0,Loot,,[],SELL,70,33,[],[],[],
Damaged Snitch Scanner,Common,-,,659.0,Loot,,[],SELL,-,-,[],[],[],
Damaged Tick Pod,Common,1× ARC Alloy,1× Metal Parts,270.0,Loot,,[],RECYCLE,26,62,[],[],[],
Damaged Wasp Driver,Common,1× ARC Alloy,1× Metal Parts,270.0,Loot,,[],RECYCLE,26,62,[],[],[],
Dart Board,Uncommon,Cannot be recycled,,2000.0,Loot,,[],SELL,-,-,[],[],[],
Deflated Football,Uncommon,9× Rubber Parts 9× Fabric,9× Rubber Parts,1000.0,Loot,,[],RECYCLE,10,50,[],[],[],
Degraded ARC Rubber,Uncommon,11× Rubber Parts,5× Rubber Parts,640.0,Loot,,[],RECYCLE,14,55,[],[],[],
Diving Goggles,Rare,12× Rubber Parts,5× Rubber Parts,640.0,Loot,,[],RECYCLE,6,58,[],[],[],
Dog Collar,Rare,8× Fabric 1× Metal Parts,5× Fabric,640.0,Loot,1x Scrappy,[],RECYCLE,26,47,[],[],[],
Dried-Out ARC Resin,Uncommon,9× Plastic Parts,?,640.0,Loot,,[],RECYCLE,16,-,[],[],[],
Duct Tape,Uncommon,3× Fabric,1× Fabric,300.0,Loot,,"[[""Angled Grip II"", 1], [""Angled Grip III"", 2], [""Horizontal Grip"", 2], [""Kinetic Converter"", 2], [""Lightweight Stock"", 1], [""Padded Stock"", 1], [""Stable Stock II"", 1], [""Stable Stock III"", 2], [""Vertical Grip II"", 1], [""Vertical Grip III"", 2]]",KEEP,50,67,[],[],"['Workshop', 'Angled Grip I', 'Stable Stock I', 'Vertical Grip I', 'Angled Grip II', 'Vertical Grip II', 'Stable Stock II', 'Angled Grip III', 'Vertical Grip III', 'Horizontal Grip', 'Stable Stock III', 'Lightweight Stock', 'Padded Stock']",
Durable Cloth,Uncommon,6× Fabric,2× Fabric,640.0,Loot,5x Workshop 35x Expedition 1x Quest,"[[""Spring Cushion"", 2]]",KEEP,53,67,"[[""Medical Lab"", 2, 5]]",[],"['Herbal Bandage', 'Sterilized Bandage']",
Electrical Components,Uncommon,3× Rubber Parts 3× Plastic Parts,3× Plastic Parts,640.0,Loot,10x Workshop 30x Expedition,"[[""Advanced Electrical Components"", 1], [""Combat Mk. 2"", 1], [""Fried Motherboard"", 2], [""Hornet Driver"", 2], [""Looting Mk. 2"", 1], [""Rotary Encoder"", 2], [""Sample Cleaner"", 2], [""Showstopper"", 1], [""Signal Amplifier"", 2], [""Snitch Scanner"", 2], [""Spotter Relay"", 2], [""Surge Shield Recharger"", 1], [""Tactical Mk. 2"", 1], [""Wasp Driver"", 1]]",KEEP,48,45,"[[""Gear Bench"", 2, 5], [""Utility Station"", 2, 5]]",[],"['Advanced Electrical Components', 'Jolt Mine', 'Photoelectric Cloak', 'Raider Hatch Key', 'Snap Hook', 'Surge Shield Recharger', 'Looting Mk. 2', 'Combat Mk. 2', 'Tactical Mk. 2', 'Tagging Grenade', 'Combat Mk. 3 (Aggressive)', 'Combat Mk. 3 (Flanking)', 'Heavy Shield', 'Looting Mk. 3 (Cautious)', 'Looting Mk. 3 (Survivor)', 'Power Rod', 'Showstopper', 'Tactical Mk. 3 (Defensive)', 'Tactical Mk. 3 (Healing)', 'Lure Grenade', 'Lure Grenade Trap']",
Empty Wine Bottle,Common,Cannot be recycled,,1000.0,Loot,,"[[""Agave Juice"", 1]]",SELL,-,-,[],[],['Agave Juice'],
Exodus Modules,Epic,2× Processor 2× Magnet,2× Processor,2750.0,Loot,1x Expedition,"[[""Geiger Counter"", 1], [""Ion Sputter"", 1], [""Spectrum Analyzer"", 1]]",KEEP,42,38,[],[],"['Tempest 1', 'Tempest 2', 'Tempest 3', 'Tempest 4', 'Bobcat 1', 'Bobcat 2', 'Bobcat 3', 'Bobcat 4', 'Vulcano 1', 'Vulcano 2', 'Vulcano 3', 'Vulcano 4', 'Hullcracker 1', 'Hullcracker 2', 'Hullcracker 3', 'Hullcracker 4', 'Snap Hook']",
Expired Pasta,Common,Cannot be recycled,,1000.0,Loot,,[],SELL,-,-,[],[],[],
Expired Respirator,Rare,8× Rubber Parts 4× Fabric,5× Rubber Parts,640.0,Loot,,[],RECYCLE,6,58,[],[],[],
Explosive Compound,Rare,2× Crude Explosives,1× Crude Explosives,1000.0,Loot,5x Workshop,"[[""Wolfpack"", 1]]",KEEP,46,50,"[[""Explosives Station"", 3, 5]]",[],"['Blaze Grenade', 'Heavy Fuze Grenade', 'Wolfpack', 'Explosive Mine', 'Deadline', 'Blaze Grenade Trap', 'Trailblazer']",
Fabric,Common,Cannot be recycled,,50.0,Loot,80x Workshop,"[[""ARC Thermo Lining"", 16], [""Bandage"", 2], [""Deflated Football"", 9], [""Dog Collar"", 8], [""Duct Tape"", 3], [""Durable Cloth"", 6], [""Expired Respirator"", 4], [""Herbal Bandage"", 5], [""Polluted Air Filter"", 6], [""Rope"", 5], [""Ruined Parachute"", 10], [""Ruined Tactical Vest"", 5], [""Sterilized Bandage"", 1], [""Tattered ARC Lining"", 12], [""Tattered Clothes"", 11], [""Torn Blanket"", 12]]",KEEP,-,-,"[[""Gear Bench"", 1, 30], [""Medical Lab"", 1, 50]]",[],"['Bandage', 'Durable Cloth', 'Herbal Bandage', 'Sterilized Bandage']",
Faded Photograph,Common,Cannot be recycled,,640.0,Loot,2x Quest,[],SELL,-,-,[],[],[],
Fertilizer,Uncommon,2x Assorted Seeds,,1000.0,Loot,1x Quest,[],RECYCLE,80,-,[],[],[],
Film Reel,Rare,Cannot be recycled,,2000.0,Loot,1x Quest,[],SELL,-,-,[],[],[],
Fine Wristwatch,Rare,Cannot be recycled,,3000.0,Loot,,[],SELL,-,-,[],[],[],
Fireball Burner,Uncommon,1x ARC Alloy 1x Chemicals,,640.0,Loot,8x Workshop,"[[""Flame Spray"", 1]]",KEEP,61,-,"[[""Refiner"", 2, 8]]",[],['Flame Spray'],
Frequency Modulation Box,Rare,1× Speaker Component 1× Advanced Electrical Components,2× Electrical Components,3000.0,Loot,,[],RECYCLE,25,43,[],[],[],
Fried Motherboard,Rare,2× Electrical Components 5× Plastic Parts,5× Wires,2000.0,Loot,3x Workshop,[],RECYCLE,21,37,"[[""Utility Station"", 3, 3]]",[],[],
Frying Pan,Rare,8× Metal Parts,4× Metal Parts,640.0,Loot,,[],RECYCLE,6,50,[],[],[],
Garlic Press,Uncommon,12× Metal Parts,7× Metal Parts,1000.0,Loot,,[],RECYCLE,10,42,[],[],[],
Geiger Counter,Epic,3× Battery 1× Exodus Modules,3× Battery,3500.0,Loot,,[],RECYCLE,0,79,[],[],[],
Great Mullein,Uncommon,2× Assorted Seeds,1× Assorted Seeds,300.0,Loot,1x Quest,[],KEEP,33,50,[],[],"['Antiseptic', 'Herbal Bandage', 'Sterilized Bandage', 'Vita Spray', 'Vita Shot']",
Headphones,Rare,7× Rubber Parts 1× Speaker Component,1× Speaker Component,1000.0,Loot,,[],RECYCLE,15,41,[],[],[],
Heavy Gun Parts,Rare,2× Simple Gun Parts,1× Simple Gun Parts,700.0,Loot,,"[[""Bettina 1"", 2], [""Bettina 2"", 2], [""Bettina 3"", 3], [""Bettina 4"", 3], [""Hullcracker 1"", 2], [""Hullcracker 2"", 3], [""Hullcracker 3"", 4], [""Hullcracker 4"", 5], [""Vulcano 1"", 2], [""Vulcano 2"", 3], [""Vulcano 3"", 4], [""Vulcano 4"", 5]]",KEEP,6,50,[],[],"['Bettina I', 'Complex Gun Parts', 'Bettina 1', 'Bettina 2', 'Bettina 3', 'Bettina 4', 'Vulcano 1', 'Vulcano 2', 'Vulcano 3', 'Vulcano 4', 'Hullcracker 1', 'Hullcracker 2', 'Hullcracker 3', 'Hullcracker 4', 'Aphelion', 'Equalizer', 'Jupiter']",
Hornet Driver,Rare,2x ARC Alloy 2x Electrical Components,2x Electrical Components,2000.0,Loot,5x Workshop 2x Quest,[],RECYCLE,16,24,"[[""Gear Bench"", 2, 5]]",[],[],
Household Cleaner,Uncommon,11× Chemicals,5× Chemicals,640.0,Loot,,[],RECYCLE,14,55,[],[],[],
Humidifier,Rare,2× Canister 2× Wires,2× Canister,1000.0,Loot,5x Expedition,[],RECYCLE,0,40,[],[],[],
Ice Cream Scooper,Uncommon,7× Metal Parts,3× Metal Parts,640.0,Loot,,[],RECYCLE,18,57,[],[],[],
Impure ARC Coolant,Uncommon,12× Chemicals,?,640.0,Loot,,[],RECYCLE,6,-,[],[],[],
Industrial Battery,Rare,7× Chemicals 2× Battery,2× Battery,1000.0,Loot,3x Workshop,[],RECYCLE,15,41,"[[""Gear Bench"", 3, 3]]",[],[],
Industrial Charger,Rare,1× Voltage Converter 5× Metal Parts,1× Voltage Converter,1000.0,Loot,,[],RECYCLE,12,43,[],[],[],
Industrial Magnet,Rare,4× Metal Parts 2× Magnet,2× Magnet,1000.0,Loot,,[],RECYCLE,10,33,[],[],[],
Ion Sputter,Epic,1× Exodus Modules 4× Voltage Converter,1× Exodus Modules,6000.0,Loot,,[],RECYCLE,21,42,[],[],[],
Laboratory Reagents,Rare,16× Chemicals 3× Crude Explosives,3× Crude Explosives,2000.0,Loot,3x Workshop,[],RECYCLE,20,50,"[[""Explosives Station"", 3, 3]]",[],[],
Lance's Mixtape (5th Edition),Epic,Cannot be recycled,,10000.0,Loot,,[],SELL,-,-,[],[],[],
Lemon,Common,3x Assorted Seeds,,640.0,Loot,3x Scrappy,[],RECYCLE,53,-,[],[],['Fruit Mix'],
Leaper Pulse Unit,Epic,3× ARC Alloy 2× Advanced Mechanical Components,2× Mechanical Components,5000.0,Loot,3x Expedition 4x Workshop,[],RECYCLE,18,69,"[[""Utility Station"", 3, 4]]",[],[],
Light Bulb,Uncommon,Cannot be recycled,,2000.0,Loot,5x Expedition,[],RECYCLE,-,-,[],[],[],
Light Gun Parts,Rare,2× Simple Gun Parts,1× Simple Gun Parts,700.0,Loot,,"[[""Bobcat 1"", 2], [""Bobcat 2"", 3], [""Bobcat 3"", 4], [""Bobcat 4"", 4]]",KEEP,6,50,[],[],"['Complex Gun Parts', 'Equalizer', 'Jupiter', 'Bobcat 1', 'Bobcat 2', 'Bobcat 3', 'Bobcat 4', 'Aphelion']",
Magnet,Uncommon,3× Metal Parts,2× Metal Parts,300.0,Loot,,"[[""Combat Mk. 2"", 1], [""Exodus Modules"", 2], [""Industrial Magnet"", 2], [""Looting Mk. 2"", 1], [""Microscope"", 3], [""Ruined Tactical Vest"", 1], [""Snap Blast Grenade"", 1], [""Tactical Mk. 2"", 1]]",KEEP,25,33,[],[],"['Snap Blast Grenade', 'Venator I', 'Looting Mk. 2', 'Venator 1', 'Venator 2', 'Venator 3', 'Venator 4', 'Combat Mk. 2', 'Tactical Mk. 2']",
Magnetic Accelerator,Epic,1× ARC Motion Core 1× Advanced Electrical Components,1× Advanced Electrical Components,5500.0,Loot,3x Expedition,"[[""Aphelion"", 2], [""Equalizer"", 2], [""Jupiter"", 2], [""Magnetron"", 1], [""Matriarch Reactor"", 1], [""Queen Reactor"", 1]]",KEEP,50,36,[],[],"['Hullcracker I', 'Equalizer', 'Jupiter', 'Aphelion', 'Tempest 1', 'Tempest 2', 'Tempest 3', 'Tempest 4', 'Bobcat 1', 'Bobcat 2', 'Bobcat 3', 'Bobcat 4', 'Vulcano 1', 'Vulcano 2', 'Vulcano 3', 'Vulcano 4', 'Hullcracker 1', 'Hullcracker 2', 'Hullcracker 3', 'Hullcracker 4']",
Magnetron,Epic,1× Magnetic Accelerator 1× Steel Spring,1× Advanced Mechanical Components,6000.0,Loot,1x Quest,[],RECYCLE,3,70,[],[],[],
Matriarch Reactor,Legendary,1× Power Rod 1× Magnetic Accelerator,1× Power Rod,13000.0,Loot,,[],RECYCLE,15,50,[],[],['Aphelion'],
Mechanical Components,Uncommon,2× Rubber Parts 3× Metal Parts,3× Metal Parts,640.0,Loot,5x Workshop,"[[""Advanced Mechanical Components"", 1], [""Angled Grip II"", 1], [""Anvil 1"", 2], [""Anvil 2"", 3], [""Anvil 3"", 4], [""Anvil 4"", 5], [""Arpeggio 1"", 2], [""Arpeggio 2"", 3], [""Arpeggio 3"", 4], [""Arpeggio 4"", 5], [""Burletta 1"", 1], [""Burletta 2"", 2], [""Burletta 3"", 3], [""Burletta 4"", 4], [""Compensator II"", 1], [""Extended Light Mag II"", 1], [""Extended Medium Mag II"", 1], [""Extended Medium Mag III"", 2], [""Extended Shotgun Mag II"", 1], [""Extended Shotgun Mag III"", 2], [""Ferro 4"", 1], [""Hairpin 4"", 1], [""Il Toro 1"", 2], [""Il Toro 2"", 3], [""Il Toro 3"", 4], [""Il Toro 4"", 5], [""Kettle 4"", 2], [""Mod Components"", 1], [""Motor"", 2], [""Muzzle Brake II"", 1], [""Rattler 3"", 3], [""Rattler 4"", 4], [""Rusted Gear"", 2], [""Sentinel Firing Core"", 3], [""Shotgun Choke II"", 1], [""Shredder Gyro"", 3], [""Silencer I"", 1], [""Stable Stock II"", 1], [""Stitcher 4"", 2], [""Surveyor Vault"", 2], [""Turbo Pump"", 1], [""Vertical Grip II"", 1], [""Vertical Grip III"", 2]]",KEEP,49,31,"[[""Gunsmith"", 2, 5]]",[],"['Advanced Mechanical Components', 'Angled Grip II', 'Anvil I', 'Anvil IV', 'Arpeggio I', 'Arpeggio IV', 'Compensator II', 'Extended Light Magazine II', 'Extended Medium Magazine II', 'Extended Shotgun Magazine II', 'Il Toro I', 'Mod Components', 'Muzzle Brake II', 'Osprey I', 'Osprey III', 'Osprey IV', 'Renegade II', 'Renegade III', 'Shotgun Choke II', 'Silencer I', 'Stable Stock II', 'Torrente I', 'Torrente III', 'Torrente IV', 'Venator II', 'Venator III', 'Venator IV', 'Vulcano II', 'Angled Grip III', 'Anvil Splitter', 'Bettina I', 'Bettina II', 'Bettina III', 'Bettina IV', 'Bobcat I', 'Bobcat II', 'Bobcat III', 'Bobcat IV', 'Compensator III', 'Extended Barrel', 'Extended Light Mag III', 'Extended Medium Mag III', 'Extended Shotgun Mag III', 'Horizontal Grip', 'Kinetic Converter', 'Lightweight Stock', 'Muzzle Brake III', 'Osprey II', 'Padded Stock', 'Renegade I', 'Renegade IV', 'Shotgun Choke III', 'Shotgun Silencer', 'Silencer II', 'Silencer III', 'Stable Stock III', 'Tempest I', 'Tempest II', 'Tempest III', 'Tempest IV', 'Torrente II', 'Venator I', 'Vertical Grip III', 'Vulcano I', 'Vulcano III', 'Vulcano IV', 'Barricade Kit', 'Vertical Grip II', 'Extended Light Mag II', 'Extended Medium Mag II', 'Extended Shotgun Mag II', 'Aphelion', 'Equalizer', 'Hullcracker I', 'Jupiter', 'Magnetic Accelerator', 'Arpeggio 1', 'Arpeggio 2', 'Arpeggio 3', 'Arpeggio 4', 'Il Toro 1', 'Il Toro 2', 'Il Toro 3', 'Il Toro 4', 'Burletta 1', 'Burletta 2', 'Burletta 3', 'Burletta 4', 'Anvil 1', 'Anvil 2', 'Anvil 3', 'Anvil 4', 'Zipline', 'Bettina 1', 'Bettina 2', 'Bettina 3', 'Bettina 4', 'Bobcat 1', 'Bobcat 2', 'Bobcat 3', 'Bobcat 4', 'Hullcracker 1', 'Hullcracker 2', 'Hullcracker 3', 'Hullcracker 4', 'Osprey 1', 'Osprey 2', 'Osprey 3', 'Osprey 4', 'Renegade 1', 'Renegade 2', 'Renegade 3', 'Renegade 4', 'Tempest 1', 'Tempest 2', 'Tempest 3', 'Tempest 4', 'Torrente 1', 'Torrente 2', 'Torrente 3', 'Torrente 4', 'Venator 1', 'Venator 2', 'Venator 3', 'Venator 4', 'Vulcano 1', 'Vulcano 2', 'Vulcano 3', 'Vulcano 4']",
Medium Gun Parts,Rare,2× Simple Gun Parts,1× Simple Gun Parts,700.0,Loot,,"[[""Osprey 1"", 2], [""Osprey 2"", 2], [""Osprey 3"", 3], [""Osprey 4"", 3], [""Renegade 1"", 2], [""Renegade 2"", 2], [""Renegade 3"", 3], [""Renegade 4"", 3], [""Tempest 1"", 2], [""Tempest 2"", 3], [""Tempest 3"", 4], [""Tempest 4"", 4], [""Torrente 1"", 2], [""Torrente 2"", 2], [""Torrente 3"", 3], [""Torrente 4"", 3], [""Venator 1"", 2], [""Venator 2"", 2], [""Venator 3"", 3], [""Venator 4"", 3]]",KEEP,6,50,[],[],"['Complex Gun Parts', 'Tempest 1', 'Tempest 2', 'Tempest 3', 'Tempest 4', 'Renegade 1', 'Renegade 2', 'Renegade 3', 'Renegade 4', 'Venator 1', 'Venator 2', 'Venator 3', 'Venator 4', 'Torrente 1', 'Torrente 2', 'Torrente 3', 'Torrente 4', 'Osprey 1', 'Osprey 2', 'Osprey 3', 'Osprey 4', 'Aphelion', 'Equalizer', 'Jupiter']",
Metal Brackets,Uncommon,8× Metal Parts,4× Metal Parts,640.0,Loot,,[],RECYCLE,6,50,[],[],[],
Metal Parts,Common,Cannot be recycled,,75.0,Loot,80x Workshop 150x Expedition,"[[""ARC Alloy"", 2], [""ARC Performance Steel"", 12], [""Barricade Kit"", 4], [""Battery"", 2], [""Bicycle Pump"", 10], [""Blaze Grenade"", 4], [""Broken Flashlight"", 6], [""Candle Holder"", 8], [""Compensator I"", 5], [""Damaged Heat Sink"", 6], [""Dog Collar"", 1], [""Door Blocker"", 2], [""Ferro 1"", 2], [""Ferro 2"", 4], [""Ferro 3"", 6], [""Frying Pan"", 8], [""Garlic Press"", 12], [""Hairpin 1"", 2], [""Hairpin 2"", 4], [""Hairpin 3"", 6], [""Ice Cream Scooper"", 7], [""Industrial Charger"", 5], [""Industrial Magnet"", 4], [""Kettle 1"", 3], [""Kettle 2"", 6], [""Kettle 3"", 12], [""Magnet"", 3], [""Mechanical Components"", 3], [""Metal Brackets"", 8], [""Muzzle Brake I"", 5], [""Number Plate"", 3], [""Rattler 1"", 8], [""Rattler 2"", 12], [""Rocket Thruster"", 6], [""Ruined Baton"", 6], [""Ruined Handcuffs"", 8], [""Rusted Bolts"", 8], [""Rusted Gear"", 4], [""Rusted Tools"", 8], [""Rusty ARC Steel"", 8], [""Sensors"", 1], [""Shotgun Choke I"", 5], [""Shrapnel Grenade"", 1], [""Simple Gun Parts"", 2], [""Steel Spring"", 3], [""Stitcher 1"", 3], [""Stitcher 2"", 6], [""Stitcher 3"", 12], [""Unusable Weapon"", 4], [""Water Pump"", 4], [""Zipline"", 1]]",KEEP,-,-,"[[""Gunsmith"", 1, 20], [""Refiner"", 1, 60]]",[],"['Blaze Grenade', 'Compensator I', 'Door Blocker', 'Ferro I', 'Ferro II', 'Ferro III', 'Hairpin I', 'Hairpin II', 'Hairpin III', 'Heavy Ammo', 'Light Ammo', 'Medium Ammo', 'Muzzle Brake I', 'Shotgun Ammo', 'Shotgun Choke I', 'Stitcher I', 'Stitcher II', 'Stitcher III', 'Zipline', 'Mechanical Components', 'Advanced Mechanical Components', 'Angled Grip II', 'Angled Grip III', 'Anvil I', 'Anvil IV', 'Anvil Splitter', 'Aphelion', 'Arpeggio I', 'Arpeggio IV', 'Barricade Kit', 'Bettina I', 'Bettina II', 'Bettina III', 'Bettina IV', 'Blaze Grenade Trap', 'Bobcat I', 'Bobcat II', 'Bobcat III', 'Bobcat IV', 'Compensator II', 'Compensator III', 'Equalizer', 'Extended Barrel', 'Extended Light Mag II', 'Extended Light Mag III', 'Extended Light Magazine II', 'Extended Medium Mag II', 'Extended Medium Mag III', 'Extended Medium Magazine II', 'Extended Shotgun Mag II', 'Extended Shotgun Mag III', 'Extended Shotgun Magazine II', 'Horizontal Grip', 'Hullcracker I', 'Il Toro I', 'Jupiter', 'Kinetic Converter', 'Lightweight Stock', 'Magnetic Accelerator', 'Mod Components', 'Muzzle Brake II', 'Muzzle Brake III', 'Osprey I', 'Osprey II', 'Osprey III', 'Osprey IV', 'Padded Stock', 'Renegade I', 'Renegade II', 'Renegade III', 'Renegade IV', 'Shotgun Choke II', 'Shotgun Choke III', 'Shotgun Silencer', 'Silencer I', 'Silencer II', 'Silencer III', 'Stable Stock II', 'Stable Stock III', 'Tempest I', 'Tempest II', 'Tempest III', 'Tempest IV', 'Torrente I', 'Torrente II', 'Torrente III', 'Torrente IV', 'Venator I', 'Venator II', 'Venator III', 'Venator IV', 'Vertical Grip II', 'Vertical Grip III', 'Vulcano I', 'Vulcano II', 'Vulcano III', 'Vulcano IV', 'Kettle 1', 'Kettle 2', 'Kettle 3', 'Kettle 4', 'Rattler 1', 'Rattler 2', 'Rattler 3', 'Rattler 4', 'Ferro 1', 'Ferro 2', 'Ferro 3', 'Ferro 4', 'Stitcher 1', 'Stitcher 2', 'Stitcher 3', 'Stitcher 4', 'Hairpin 1', 'Hairpin 2', 'Hairpin 3', 'Hairpin 4', 'Anvil 1', 'Anvil 2', 'Anvil 3', 'Anvil 4', 'Arpeggio 1', 'Arpeggio 2', 'Arpeggio 3', 'Arpeggio 4', 'Bettina 1', 'Bettina 2', 'Bettina 3', 'Bettina 4', 'Bobcat 1', 'Bobcat 2', 'Bobcat 3', 'Bobcat 4', 'Burletta 1', 'Burletta 2', 'Burletta 3', 'Burletta 4', 'Hullcracker 1', 'Hullcracker 2', 'Hullcracker 3', 'Hullcracker 4', 'Il Toro 1', 'Il Toro 2', 'Il Toro 3', 'Il Toro 4', 'Osprey 1', 'Osprey 2', 'Osprey 3', 'Osprey 4', 'Renegade 1', 'Renegade 2', 'Renegade 3', 'Renegade 4', 'Tempest 1', 'Tempest 2', 'Tempest 3', 'Tempest 4', 'Torrente 1', 'Torrente 2', 'Torrente 3', 'Torrente 4', 'Venator 1', 'Venator 2', 'Venator 3', 'Venator 4', 'Vulcano 1', 'Vulcano 2', 'Vulcano 3', 'Vulcano 4']",
Microscope,Rare,3× Magnet 1× Advanced Mechanical Components,2× Mechanical Components,3000.0,Loot,,[],RECYCLE,12,52,[],[],[],
Mini Centrifuge,Rare,2× Canister 1× Advanced Mechanical Components,2× Mechanical Components,3000.0,Loot,,[],RECYCLE,22,46,[],[],[],
Mod Components,Epic,1× Steel Spring 1× Mechanical Components,1× Mechanical Components,3000.0,Loot,,"[[""Angled Grip III"", 1], [""Anvil Splitter"", 1], [""Compensator III"", 1], [""Extended Barrel"", 1], [""Extended Light Mag III"", 1], [""Extended Medium Mag III"", 1], [""Extended Shotgun Mag III"", 1], [""Horizontal Grip"", 1], [""Kinetic Converter"", 1], [""Lightweight Stock"", 1], [""Muzzle Brake III"", 1], [""Padded Stock"", 1], [""Shotgun Silencer"", 1], [""Silencer II"", 1], [""Silencer III"", 1], [""Stable Stock III"", 1]]",KEEP,69,32,[],[],"['Angled Grip III', 'Anvil Splitter', 'Compensator III', 'Extended Barrel', 'Extended Light Mag III', 'Extended Medium Mag III', 'Extended Shotgun Mag III', 'Horizontal Grip', 'Kinetic Converter', 'Lightweight Stock', 'Muzzle Brake III', 'Padded Stock', 'Silencer II', 'Silencer III', 'Shotgun Choke III', 'Shotgun Silencer', 'Stable Stock III', 'Vertical Grip III']",
Moss,Rare,3x Assorted Seeds,,500.0,Loot,,"[[""Defibrillator"", 1]]",RECYCLE,40,-,[],[],"['Defibrillator', 'Herbal Bandage']",
Motor,Rare,2x Oil 2x Mechanical Components,,2000.0,Loot,3x Workshop,[],RECYCLE,6,-,"[[""Refiner"", 3, 3]]",[],[],
Mushroom,Uncommon,Cannot be recycled,,1000.0,Loot,12x Scrappy,[],SELL,-,-,[],[],[],
Music Album,Rare,Cannot be recycled,,3000.0,Loot,,[],SELL,-,-,[],[],[],
Music Box,Rare,Cannot be recycled,,5000.0,Loot,,[],SELL,-,-,[],[],[],
Number Plate,Uncommon,3× Metal Parts,2× Metal Parts,270.0,Loot,,[],RECYCLE,17,33,[],[],[],
Oil,Uncommon,3× Chemicals,1× Chemicals,300.0,Loot,,"[[""Blaze Grenade"", 2], [""Coolant"", 2], [""Heavy Fuze Grenade"", 1], [""Motor"", 2], [""Polluted Air Filter"", 2], [""Synthesized Fuel"", 1], [""Turbo Pump"", 3], [""Water Pump"", 2]]",KEEP,50,67,[],[],"['Blaze Grenade', 'Explosive Compound', 'Renegade I', 'Heavy Fuze Grenade', 'Wolfpack', 'Blaze Grenade Trap', 'Deadline', 'Explosive Mine', 'Renegade 1', 'Renegade 2', 'Renegade 3', 'Renegade 4', 'Trailblazer']",
Olives,Common,2x Assorted Seeds,,640.0,Loot,6x Scrappy,[],RECYCLE,69,-,[],[],[],
Painted Box,Common,Cannot be recycled,,2000.0,Loot,,[],SELL,-,-,[],[],[],
Patrol Car Key,Uncommon,Cannot be recycled,,100.0,Loot,,[],KEEP,-,-,[],[],[],
Plastic Parts,Common,Cannot be recycled,,60.0,Loot,75x Workshop,"[[""ARC Synthetic Resin"", 14], [""Adrenaline Shot"", 1], [""Alarm Clock"", 6], [""Angled Grip I"", 6], [""Binoculars"", 4], [""Camera Lens"", 8], [""Canister"", 3], [""Combat Mk. 1"", 3], [""Cooling Fan"", 14], [""Crumpled Plastic Bottle"", 4], [""Defibrillator"", 1], [""Electrical Components"", 3], [""Extended Light Mag I"", 6], [""Extended Medium Mag I"", 6], [""Extended Shotgun Mag I"", 6], [""Fried Motherboard"", 5], [""Li'l Smoke Grenade"", 1], [""Light Impact Grenade"", 1], [""Looting Mk. 1"", 3], [""Processor"", 1], [""Recorder"", 10], [""Remote Control"", 7], [""Ruined Augment"", 2], [""Ruined Riot Shield"", 10], [""Speaker Component"", 2], [""Synthesized Fuel"", 1], [""Syringe"", 2], [""Tactical Mk. 1"", 3], [""Tagging Grenade"", 1], [""Toaster"", 5], [""Vertical Grip I"", 6]]",KEEP,-,-,"[[""Gear Bench"", 1, 25], [""Utility Station"", 1, 50]]",[],"['Adrenaline Shot', 'Binoculars', 'Combat Mk. 1', 'Defibrillator', 'Electrical Components', 'Hairpin I', 'Kettle II', 'Light Impact Grenade', 'Looting Mk. 1', 'Lure Grenade', 'Tactical Mk. 1', 'Tagging Grenade', 'Vertical Grip I', 'Advanced Electrical Components', 'Jolt Mine', 'Photoelectric Cloak', 'Raider Hatch Key', 'Snap Hook', 'Angled Grip I', 'Extended Light Mag I', 'Extended Medium Mag I', 'Extended Shotgun Mag I', 'Combat Mk. 2', 'Combat Mk. 3 (Aggressive)', 'Combat Mk. 3 (Flanking)', 'Heavy Shield', 'Looting Mk. 2', 'Looting Mk. 3 (Cautious)', 'Looting Mk. 3 (Survivor)', 'Lure Grenade Trap', 'Power Rod', 'Showstopper', 'Surge Shield Recharger', 'Tactical Mk. 2', 'Tactical Mk. 3 (Defensive)', 'Tactical Mk. 3 (Healing)', 'Hairpin 1', 'Hairpin 2', 'Hairpin 3', 'Hairpin 4', ""Li'l Smoke Grenade"", 'Noisemaker', 'Light Shield']",
Playing Cards,Rare,Cannot be recycled,,5000.0,Loot,,[],SELL,-,-,[],[],[],
Polluted Air Filter,Rare,6× Fabric 2× Oil,2× Oil,1000.0,Loot,,[],RECYCLE,10,33,[],[],[],
Pop Trigger,Common,1× Crude Explosives 1× ARC Alloy,1× Crude Explosives,640.0,Loot,5x Workshop,[],RECYCLE,27,43,"[[""Explosives Station"", 2, 5]]",[],[],
Portable TV,Rare,2× Battery 6× Wires,4× Wires,2000.0,Loot,,[],RECYCLE,15,53,[],[],[],
Poster Of Natural Wonders,Uncommon,Cannot be recycled,,2000.0,Loot,,[],SELL,-,-,[],[],[],
Pottery,Uncommon,Cannot be recycled,,2000.0,Loot,,[],SELL,-,-,[],[],[],
Power Bank,Rare,2× Battery 2× Wires,2× Battery,1000.0,Loot,,[],RECYCLE,10,44,[],[],[],
Power Cable,Rare,4× Wires,3× Wires,1000.0,Loot,3x Workshop,[],RECYCLE,20,25,"[[""Gear Bench"", 2, 3]]",[],[],
Power Rod,Epic,1× ARC Circuitry 1× Advanced Electrical Components,1× Advanced Electrical Components,5500.0,Loot,,"[[""Matriarch Reactor"", 1], [""Queen Reactor"", 1], [""Snap Hook"", 1]]",KEEP,50,36,[],[],"['Heavy Shield', 'Snap Hook']",
Prickly Pear,Common,3x Assorted Seeds,,640.0,Loot,6x Scrappy,[],RECYCLE,53,-,[],[],['Fruit Mix'],
Processor,Rare,1× Plastic Parts 1× Wires,2× Plastic Parts,500.0,Loot,,"[[""Alarm Clock"", 1], [""Anvil Splitter"", 1], [""Broken Guidance System"", 4], [""Combat Mk. 3 (Aggressive)"", 1], [""Combat Mk. 3 (Flanking)"", 1], [""Exodus Modules"", 2], [""Looting Mk. 3 (Cautious)"", 1], [""Looting Mk. 3 (Survivor)"", 1], [""Projector"", 1], [""Rotary Encoder"", 2], [""Tactical Mk. 3 (Defensive)"", 1], [""Tactical Mk. 3 (Healing)"", 1], [""Telemetry Transceiver"", 1], [""Trigger 'Nade"", 1]]",KEEP,48,54,[],[],"['Looting Mk. 3 (Cautious)', 'Tactical Mk. 3 (Healing)', ""Trigger 'Nade"", 'Looting Mk. 3 (Survivor)', 'Combat Mk. 3 (Aggressive)', 'Combat Mk. 3 (Flanking)', 'Tactical Mk. 3 (Defensive)']",
Projector,Rare,1× Processor 2× Wires,1× Processor,1000.0,Loot,,[],RECYCLE,10,44,[],[],[],
Queen Reactor,Legendary,1× Power Rod 1× Magnetic Accelerator,1× Power Rod,13000.0,Loot,,[],KEEP,15,50,[],[],"['Equalizer', 'Jupiter']",
Radio,Rare,1× Speaker Component 1× Sensors,1× Speaker Component,1000.0,Loot,,[],RECYCLE,0,50,[],[],[],
Radio Relay,Rare,2x Speaker Component 2x Sensors,,3000.0,Loot,,[],RECYCLE,33,-,[],[],[],
Raider Hatch Key,Rare,Cannot be recycled,,1000.0,Loot,,[],KEEP,-,-,[],[],[],
Red Coral Jewelry,Rare,Cannot be recycled,,5000.0,Loot,,[],SELL,-,-,[],[],[],
Remote Control,Uncommon,1× Sensors 7× Plastic Parts,1× Sensors,1000.0,Loot,,[],RECYCLE,8,46,[],[],[],
Resin,Common,Cannot be recycled,,1000.0,Loot,,[],SELL,-,-,[],[],[],
Ripped Safety Vest,Uncommon,1× Magnet 1 Durable Cloth,8× Fabric,1000.0,Loot,,[],RECYCLE,-,-,[],[],[],
Rocket Thruster,Rare,6× Metal Parts 2× Synthesized Fuel,1× Synthesized Fuel,2000.0,Loot,,[],RECYCLE,8,62,[],[],[],
Rocketeer Driver,Epic,3× ARC Alloy 2× Advanced Electrical Components,2× ARC Circuitry,5000.0,Loot,3x Workshop,[],RECYCLE,18,51,"[[""Explosives Station"", 3, 3]]",[],[],
Roots,Uncommon,1x Assorted Seeds,,640.0,Loot,,[],RECYCLE,84,-,[],[],['Herbal Bandage'],
Rope,Rare,5× Fabric,2× Fabric,500.0,Loot,,"[[""Snap Hook"", 3], [""Zipline"", 1]]",KEEP,50,60,[],[],"['Zipline', 'Snap Hook']",
Rosary,Common,Cannot be recycled,,2000.0,Loot,,[],SELL,-,-,[],[],[],
Rotary Encoder,Rare,2× Electrical Components 2× Processor,2× Processor,3000.0,Loot,,[],RECYCLE,24,56,[],[],[],
Rubber Duck,Common,Cannot be recycled,,1000.0,Loot,,[],SELL,-,-,[],[],[],
Rubber Pad,Rare,18× Rubber Parts,9× Rubber Parts,1000.0,Loot,,[],RECYCLE,10,50,[],[],[],
Rubber Parts,Common,Cannot be recycled,,50.0,Loot,30x Workshop 200x Expedition,"[[""ARC Flex Rubber"", 16], [""Binoculars"", 2], [""Combat Mk. 1"", 3], [""Cracked Bioscanner"", 3], [""Deflated Football"", 9], [""Degraded ARC Rubber"", 11], [""Diving Goggles"", 12], [""Electrical Components"", 3], [""Expired Respirator"", 8], [""Ferro 1"", 1], [""Ferro 2"", 3], [""Gas Grenade"", 1], [""Hairpin 1"", 1], [""Hairpin 2"", 3], [""Headphones"", 7], [""Heavy Fuze Grenade"", 2], [""Kettle 1"", 2], [""Kettle 2"", 6], [""Looting Mk. 1"", 3], [""Mechanical Components"", 2], [""Remote Raider Flare"", 1], [""Rubber Pad"", 18], [""Ruined Accordion"", 18], [""Ruined Augment"", 2], [""Ruined Baton"", 3], [""Ruined Riot Shield"", 6], [""Shield Recharger"", 4], [""Speaker Component"", 3], [""Stable Stock I"", 6], [""Stitcher 1"", 2], [""Stitcher 2"", 6], [""Tactical Mk. 1"", 3], [""Thermostat"", 7], [""Voltage Converter"", 1], [""Water Filter"", 2], [""Wires"", 3]]",KEEP,-,-,"[[""Gunsmith"", 1, 30]]",[],"['Binoculars', 'Combat Mk. 1', 'Door Blocker', 'Ferro I', 'Gas Grenade', 'Kettle I', 'Looting Mk. 1', 'Remote Raider Flare', 'Shield Recharger', 'Stable Stock I', 'Stitcher I', 'Stitcher II', 'Tactical Mk. 1', 'Gas Grenade Trap', 'Electrical Components', 'Mechanical Components', 'Kettle 1', 'Kettle 2', 'Kettle 3', 'Kettle 4', 'Rattler 1', 'Rattler 2', 'Rattler 3', 'Rattler 4', 'Ferro 1', 'Ferro 2', 'Ferro 3', 'Ferro 4', 'Stitcher 1', 'Stitcher 2', 'Stitcher 3', 'Stitcher 4', 'Advanced Electrical Components', 'Advanced Mechanical Components', 'Angled Grip II', 'Angled Grip III', 'Anvil 1', 'Anvil 2', 'Anvil 3', 'Anvil 4', 'Anvil I', 'Anvil IV', 'Anvil Splitter', 'Aphelion', 'Arpeggio 1', 'Arpeggio 2', 'Arpeggio 3', 'Arpeggio 4', 'Arpeggio I', 'Arpeggio IV', 'Barricade Kit', 'Bettina 1', 'Bettina 2', 'Bettina 3', 'Bettina 4', 'Bettina I', 'Bettina II', 'Bettina III', 'Bettina IV', 'Bobcat 1', 'Bobcat 2', 'Bobcat 3', 'Bobcat 4', 'Bobcat I', 'Bobcat II', 'Bobcat III', 'Bobcat IV', 'Burletta 1', 'Burletta 2', 'Burletta 3', 'Burletta 4', 'Combat Mk. 2', 'Combat Mk. 3 (Aggressive)', 'Combat Mk. 3 (Flanking)', 'Compensator II', 'Compensator III', 'Equalizer', 'Extended Barrel', 'Extended Light Mag II', 'Extended Light Mag III', 'Extended Light Magazine II', 'Extended Medium Mag II', 'Extended Medium Mag III', 'Extended Medium Magazine II', 'Extended Shotgun Mag II', 'Extended Shotgun Mag III', 'Extended Shotgun Magazine II', 'Heavy Shield', 'Horizontal Grip', 'Hullcracker 1', 'Hullcracker 2', 'Hullcracker 3', 'Hullcracker 4', 'Hullcracker I', 'Il Toro 1', 'Il Toro 2', 'Il Toro 3', 'Il Toro 4', 'Il Toro I', 'Jolt Mine', 'Jupiter', 'Kinetic Converter', 'Lightweight Stock', 'Looting Mk. 2', 'Looting Mk. 3 (Cautious)', 'Looting Mk. 3 (Survivor)', 'Lure Grenade', 'Lure Grenade Trap', 'Magnetic Accelerator', 'Mod Components', 'Muzzle Brake II', 'Muzzle Brake III', 'Osprey 1', 'Osprey 2', 'Osprey 3', 'Osprey 4', 'Osprey I', 'Osprey II', 'Osprey III', 'Osprey IV', 'Padded Stock', 'Photoelectric Cloak', 'Power Rod', 'Raider Hatch Key', 'Renegade 1', 'Renegade 2', 'Renegade 3', 'Renegade 4', 'Renegade I', 'Renegade II', 'Renegade III', 'Renegade IV', 'Shotgun Choke II', 'Shotgun Choke III', 'Shotgun Silencer', 'Showstopper', 'Silencer I', 'Silencer II', 'Silencer III', 'Snap Hook', 'Stable Stock II', 'Stable Stock III', 'Surge Shield Recharger', 'Tactical Mk. 2', 'Tactical Mk. 3 (Defensive)', 'Tactical Mk. 3 (Healing)', 'Tagging Grenade', 'Tempest 1', 'Tempest 2', 'Tempest 3', 'Tempest 4', 'Tempest I', 'Tempest II', 'Tempest III', 'Tempest IV', 'Torrente 1', 'Torrente 2', 'Torrente 3', 'Torrente 4', 'Torrente I', 'Torrente II', 'Torrente III', 'Torrente IV', 'Venator 1', 'Venator 2', 'Venator 3', 'Venator 4', 'Venator I', 'Venator II', 'Venator III', 'Venator IV', 'Vertical Grip II', 'Vertical Grip III', 'Vulcano 1', 'Vulcano 2', 'Vulcano 3', 'Vulcano 4', 'Vulcano I', 'Vulcano II', 'Vulcano III', 'Vulcano IV', 'Zipline']",
Ruined Accordion,Rare,18× Rubber Parts 3× Steel Spring,13× Rubber Parts,2000.0,Loot,,[],RECYCLE,10,64,[],[],[],
Ruined Augment,-,2× Rubber Parts 2× Plastic Parts,?,270.0,Loot,,[],RECYCLE,19,-,[],[],[],
Ruined Baton,Uncommon,3× Rubber Parts 6× Metal Parts,?,640.0,Loot,,[],RECYCLE,6,-,[],[],[],
Ruined Handcuffs,Uncommon,8× Metal Parts,4× Metal Parts,640.0,Loot,,[],RECYCLE,6,50,[],[],[],
Ruined Parachute,Uncommon,10× Fabric,?,640.0,Loot,,[],RECYCLE,22,-,[],[],[],
Ruined Tactical Vest,Uncommon,5× Fabric 1× Magnet,5× Fabric,640.0,Loot,,[],RECYCLE,14,55,[],[],[],
Ruined Riot Shield,Rare,6× Rubber Parts 10× Plastic Parts,10× Plastic Parts,1000.0,Loot,,[],RECYCLE,10,33,[],[],[],
Rusted Bolts,Uncommon,8× Metal Parts,4× Metal Parts,640.0,Loot,,[],RECYCLE,6,50,[],[],[],
Rusted Gear,Rare,2× Mechanical Components 4× Metal Parts,12× Metal Parts,2000.0,Loot,3x Workshop,[],RECYCLE,21,43,"[[""Gunsmith"", 3, 3]]",[],[],
Rusted Shut Medical Kit,Rare,1× Antiseptic 2× Syringe,2× Syringe,2000.0,Loot,3x Workshop,[],RECYCLE,0,50,"[[""Medical Lab"", 3, 3]]",[],[],
Rusted Tools,Rare,1× Steel Spring 8× Metal Parts,7× Metal Parts,1000.0,Loot,3x Workshop,[],RECYCLE,10,42,"[[""Gunsmith"", 2, 3]]",[],[],
Rusty ARC Steel,Uncommon,8× Metal Parts,3× Metal Parts,640.0,Loot,,[],RECYCLE,6,62,[],[],[],
Sample Cleaner,Rare,2× Electrical Components 14× Assorted Seeds,12× Assorted Seeds,3000.0,Loot,,[],RECYCLE,11,55,[],[],[],
Sensors,Rare,1× Metal Parts 1× Wires,1× Wires,500.0,Loot,20x Expedition,"[[""Broken Handheld Radio"", 3], [""Radio"", 1], [""Radio Relay"", 2], [""Remote Control"", 1], [""Spectrometer"", 1], [""Spectrum Analyzer"", 1], [""Tagging Grenade"", 1], [""Thermostat"", 1]]",KEEP,45,27,[],[],"['Explosive Mine', 'Raider Hatch Key', 'Tagging Grenade']",
Sentinel Firing Core,Rare,3× Mechanical Components 2× ARC Alloy,2× Mechanical Components,3000.0,Loot,4x Workshop,[],RECYCLE,23,45,"[[""Gunsmith"", 3, 4]]",[],[],
Shredder Gyro,Uncommon,3× ARC Alloy 3× Mechanical Components,2× Mechanical Components,3000.0,Loot,,[],RECYCLE,16,49,[],[],[],
Signal Amplifier,Rare,2× Electrical Components 2× Voltage Converter,2× Voltage Converter,3000.0,Loot,,[],RECYCLE,24,56,[],[],[],
Silver Teaspoon Set,Common,Cannot be recycled,,3000.0,Loot,,[],SELL,-,-,[],[],[],
Simple Gun Parts,Uncommon,2× Metal Parts,1× Metal Parts,330.0,Loot,,"[[""Anvil 1"", 2], [""Anvil 2"", 3], [""Anvil 3"", 4], [""Anvil 4"", 5], [""Arpeggio 1"", 2], [""Arpeggio 2"", 3], [""Arpeggio 3"", 4], [""Arpeggio 4"", 5], [""Burletta 1"", 2], [""Burletta 2"", 2], [""Burletta 3"", 3], [""Burletta 4"", 4], [""Complex Gun Parts"", 3], [""Ferro 3"", 1], [""Ferro 4"", 2], [""Hairpin 3"", 1], [""Hairpin 4"", 2], [""Heavy Gun Parts"", 2], [""Il Toro 1"", 2], [""Il Toro 2"", 3], [""Il Toro 3"", 4], [""Il Toro 4"", 5], [""Kettle 3"", 1], [""Kettle 4"", 2], [""Light Gun Parts"", 2], [""Medium Gun Parts"", 2], [""Rattler 3"", 1], [""Rattler 4"", 2], [""Stitcher 3"", 1], [""Stitcher 4"", 2], [""Unusable Weapon"", 5]]",KEEP,55,50,[],[],"['Anvil I', 'Anvil II', 'Arpeggio I', 'Arpeggio II', 'Arpeggio III', 'Arpeggio IV', 'Burletta I', 'Burletta II', 'Burletta III', 'Ferro III', 'Ferro IV', 'Hairpin III', 'Hairpin IV', 'Il Toro I', 'Il Toro II', 'Kettle III', 'Kettle IV', 'Light Gun Parts', 'Medium Gun Parts', 'Heavy Gun Parts', 'Rattler III', 'Rattler IV', 'Stitcher III', 'Stitcher IV', 'Bettina I', 'Complex Gun Parts', 'Equalizer', 'Jupiter', 'Arpeggio 1', 'Arpeggio 2', 'Arpeggio 3', 'Arpeggio 4', 'Il Toro 1', 'Il Toro 2', 'Il Toro 3', 'Il Toro 4', 'Burletta 1', 'Burletta 2', 'Burletta 3', 'Burletta 4', 'Anvil 1', 'Anvil 2', 'Anvil 3', 'Anvil 4', 'Aphelion', 'Bettina 1', 'Bettina 2', 'Bettina 3', 'Bettina 4', 'Bobcat 1', 'Bobcat 2', 'Bobcat 3', 'Bobcat 4', 'Hullcracker 1', 'Hullcracker 2', 'Hullcracker 3', 'Hullcracker 4', 'Osprey 1', 'Osprey 2', 'Osprey 3', 'Osprey 4', 'Renegade 1', 'Renegade 2', 'Renegade 3', 'Renegade 4', 'Tempest 1', 'Tempest 2', 'Tempest 3', 'Tempest 4', 'Torrente 1', 'Torrente 2', 'Torrente 3', 'Torrente 4', 'Venator 1', 'Venator 2', 'Venator 3', 'Venator 4', 'Vulcano 1', 'Vulcano 2', 'Vulcano 3', 'Vulcano 4']",
Snitch Scanner,Uncommon,2× Electrical Components 1× ARC Alloy,2× Electrical Components,2000.0,Loot,6x Workshop,[],RECYCLE,26,14,"[[""Utility Station"", 2, 6]]",[],[],
Spaceport Container Storage Key,Rare,Cannot be recycled,,100.0,Loot,,[],KEEP,-,-,[],[],[],
Spaceport Control Tower Key,Rare,Cannot be recycled,,100.0,Loot,1x Quest,[],KEEP,-,-,[],[],[],
Spaceport Trench Tower Key,Uncommon,Cannot be recycled,,100.0,Loot,1x Quest,[],KEEP,-,-,[],[],[],
Spaceport Warehouse Key,Uncommon,Cannot be recycled,,100.0,Loot,,[],KEEP,-,-,[],[],[],
Speaker Component,Rare,3× Rubber Parts 2× Plastic Parts,2× Plastic Parts,500.0,Loot,,"[[""Frequency Modulation Box"", 1], [""Headphones"", 1], [""Lure Grenade"", 1], [""Noisemaker"", 1], [""Photoelectric Cloak"", 1], [""Radio"", 1], [""Radio Relay"", 2]]",KEEP,46,56,[],[],"['Lure Grenade', 'Photoelectric Cloak', 'Noisemaker', 'Lure Grenade Trap']",
Spectrometer,Rare,1× Sensors 1× Advanced Electrical Components,2× Electrical Components,3000.0,Loot,,[],RECYCLE,25,43,[],[],[],
Spectrum Analyzer,Epic,1× Sensors 1× Exodus Modules,2× Processor,3500.0,Loot,,[],RECYCLE,7,69,[],[],[],
Spring Cushion,Rare,2× Steel Spring 2× Durable Cloth,2× Steel Spring,2000.0,Loot,,[],RECYCLE,6,68,[],[],[],
Spotter Relay,Uncommon,2× Electrical Components 1× ARC Alloy,?,2000.0,Loot,,[],RECYCLE,26,-,[],[],[],
Statuette,Common,Cannot be recycled,,3000.0,Loot,,[],SELL,-,-,[],[],[],
Steel Spring,Uncommon,3× Metal Parts,2× Metal Parts,300.0,Loot,15x Expedition,"[[""Advanced Mechanical Components"", 1], [""Cooling Coil"", 2], [""Extended Light Mag II"", 1], [""Extended Light Mag III"", 2], [""Extended Medium Mag II"", 1], [""Extended Medium Mag III"", 2], [""Extended Shotgun Mag II"", 1], [""Extended Shotgun Mag III"", 2], [""Magnetron"", 1], [""Mod Components"", 1], [""Ruined Accordion"", 3], [""Rusted Tools"", 1], [""Spring Cushion"", 2]]",KEEP,25,33,[],[],"['Advanced Mechanical Components', 'Extended Light Magazine I', 'Extended Medium Magazine I', 'Extended Shotgun Magazine I', 'Shrapnel Grenade', 'Torrente I', 'Bettina I', 'Bettina II', 'Bettina III', 'Bettina IV', 'Bobcat I', 'Bobcat II', 'Bobcat III', 'Bobcat IV', 'Osprey I', 'Osprey II', 'Osprey III', 'Osprey IV', 'Renegade I', 'Renegade II', 'Renegade III', 'Renegade IV', 'Tempest I', 'Tempest II', 'Tempest III', 'Tempest IV', 'Torrente II', 'Torrente III', 'Torrente IV', 'Venator I', 'Venator II', 'Venator III', 'Vulcano I', 'Vulcano II', 'Vulcano III', 'Vulcano IV', 'Mod Components', 'Angled Grip III', 'Anvil Splitter', 'Aphelion', 'Compensator III', 'Equalizer', 'Extended Barrel', 'Extended Light Mag III', 'Extended Medium Mag III', 'Extended Shotgun Mag III', 'Horizontal Grip', 'Hullcracker I', 'Jupiter', 'Kinetic Converter', 'Lightweight Stock', 'Magnetic Accelerator', 'Muzzle Brake III', 'Padded Stock', 'Shotgun Choke III', 'Shotgun Silencer', 'Silencer II', 'Silencer III', 'Stable Stock III', 'Vertical Grip III', 'Torrente 1', 'Torrente 2', 'Torrente 3', 'Torrente 4', 'Extended Light Mag I', 'Extended Medium Mag I', 'Extended Shotgun Mag I', 'Extended Light Mag II', 'Extended Medium Mag II', 'Extended Shotgun Mag II', 'Bettina 1', 'Bettina 2', 'Bettina 3', 'Bettina 4', 'Bobcat 1', 'Bobcat 2', 'Bobcat 3', 'Bobcat 4', 'Hullcracker 1', 'Hullcracker 2', 'Hullcracker 3', 'Hullcracker 4', 'Osprey 1', 'Osprey 2', 'Osprey 3', 'Osprey 4', 'Renegade 1', 'Renegade 2', 'Renegade 3', 'Renegade 4', 'Tempest 1', 'Tempest 2', 'Tempest 3', 'Tempest 4', 'Venator 1', 'Venator 2', 'Venator 3', 'Venator 4', 'Vulcano 1', 'Vulcano 2', 'Vulcano 3', 'Vulcano 4']",
Stella Montis Archives Key,Epic,Cannot be recycled,,100.0,Loot,,[],KEEP,-,-,[],[],[],
Stella Montis Assembly Admin Key,Uncommon,Cannot be recycled,,100.0,Loot,,[],KEEP,-,-,[],[],[],
Stella Montis Medical Storage Key,Uncommon,Cannot be recycled,,100.0,Loot,,[],KEEP,-,-,[],[],[],
Stella Montis Security Checkpoint Key,Rare,Cannot be recycled,,100.0,Loot,,[],KEEP,-,-,[],[],[],
Surveyor Vault,Rare,2× ARC Alloy 2× Mechanical Components,2× Mechanical Components,2000.0,Loot,5x Workshop 1x Quest,[],RECYCLE,16,24,"[[""Medical Lab"", 3, 5]]",[],[],
Synthesized Fuel,Rare,1× Oil 1× Plastic Parts,1× Oil,700.0,Loot,3x Workshop,"[[""Rocket Thruster"", 2]]",RECYCLE,49,17,"[[""Explosives Station"", 2, 3]]",[],['Trailblazer'],
Syringe,Rare,3× Chemicals 2× Plastic Parts,2× Plastic Parts,500.0,Loot,1x Quest,"[[""Rusted Shut Medical Kit"", 2], [""Vita Shot"", 1]]",RECYCLE,46,56,[],[],['Vita Shot'],
Tattered ARC Lining,Uncommon,12× Fabric,5× Fabric,640.0,Loot,,[],RECYCLE,6,58,[],[],[],
Tattered Clothes,Uncommon,11× Fabric,5× Fabric,640.0,Loot,,[],RECYCLE,14,55,[],[],[],
Telemetry Transceiver,Rare,1× Processor 1× Advanced Electrical Components,2× Electrical Components,3000.0,Loot,,[],RECYCLE,25,43,[],[],[],
Thermostat,Rare,7× Rubber Parts 1× Sensors,1× Sensors,1000.0,Loot,,[],RECYCLE,15,41,[],[],[],
Tick Pod,Uncommon,2× Chemicals 2× ARC Alloy,1× ARC Alloy,640.0,Loot,8x Workshop,[],RECYCLE,22,60,"[[""Medical Lab"", 2, 8]]",[],[],
Toaster,Rare,3× Wires 5× Plastic Parts,3× Wires,1000.0,Loot,3x Workshop,[],RECYCLE,10,33,"[[""Refiner"", 2, 3]]",[],[],
Torn Book,Common,Cannot be recycled,,1000.0,Loot,,[],SELL,-,-,[],[],[],
Torn Blanket,Rare,12× Fabric,5× Fabric,640.0,Loot,,[],RECYCLE,6,58,[],[],[],
Turbo Pump,Rare,3× Oil 1× Mechanical Components,3× Steel Spring,2000.0,Loot,,[],RECYCLE,23,42,[],[],[],
Unusable Weapon,Rare,5× Simple Gun Parts 4× Metal Parts,3× Simple Gun Parts,2000.0,Loot,,[],RECYCLE,2,49,[],[],[],
Vase,Rare,Cannot be recycled,,3000.0,Loot,,[],SELL,-,-,[],[],[],
Very Comfortable Pillow,Common,Cannot be recycled,,2000.0,Loot,3x Scrappy,[],SELL,-,-,[],[],[],
Volcanic Rock,Common,Cannot be recycled,,270.0,Loot,,[],SELL,-,-,[],[],[],
Voltage Converter,Rare,1× Rubber Parts 1× Wires,2× Rubber Parts,500.0,Loot,,"[[""Industrial Charger"", 1], [""Ion Sputter"", 4], [""Signal Amplifier"", 2]]",KEEP,50,60,[],[],"['Heavy Shield', 'Showstopper']",
Wasp Driver,Rare,1× Electrical Components 1× ARC Alloy,1× Electrical Components,1000.0,Loot,8x Workshop,[],RECYCLE,16,24,"[[""Gunsmith"", 2, 8]]",[],[],
Water Filter,Rare,2× Rubber Parts 3× Canister,2× Canister,1000.0,Loot,,[],RECYCLE,0,40,[],[],[],
Water Pump,Rare,2× Oil 4× Metal Parts,2× Oil,1000.0,Loot,1x Quest,[],RECYCLE,10,33,[],[],[],
Wires,Uncommon,3× Rubber Parts,1× Rubber Parts,200.0,Loot,30x Expedition 3x Quest,"[[""Advanced Electrical Components"", 1], [""Broken Handheld Radio"", 2], [""Broken Taser"", 2], [""Compensator II"", 1], [""Compensator III"", 2], [""Cooling Fan"", 4], [""Damaged Heat Sink"", 2], [""Extended Barrel"", 1], [""Humidifier"", 2], [""Muzzle Brake II"", 1], [""Muzzle Brake III"", 2], [""Portable TV"", 6], [""Power Bank"", 2], [""Power Cable"", 4], [""Processor"", 1], [""Sensors"", 1], [""Shotgun Choke II"", 1], [""Shotgun Silencer"", 1], [""Silencer I"", 1], [""Silencer II"", 2], [""Silencer III"", 3], [""Toaster"", 3], [""Voltage Converter"", 1]]",KEEP,25,67,[],[],"['Advanced Electrical Components', 'Compensator I', 'Compensator II', 'Compensator III', 'Muzzle Brake I', 'Muzzle Brake II', 'Muzzle Brake III', 'Shotgun Choke I', 'Shotgun Choke II', 'Shotgun Choke III', 'Shotgun Silencer', 'Silencer I', 'Silencer II', 'Silencer III', 'Photoelectric Cloak', 'Raider Hatch Key', 'Snap Hook', 'Combat Mk. 3 (Aggressive)', 'Combat Mk. 3 (Flanking)', 'Heavy Shield', 'Looting Mk. 3 (Cautious)', 'Looting Mk. 3 (Survivor)', 'Power Rod', 'Showstopper', 'Tactical Mk. 3 (Defensive)', 'Tactical Mk. 3 (Healing)', 'Osprey 1', 'Osprey 2', 'Osprey 3', 'Osprey 4', 'Blaze Grenade Trap', 'Gas Grenade Trap', 'Lure Grenade Trap', 'Smoke Grenade Trap', 'Extended Barrel']",
Kettle 1,,2× Rubber Parts 3× Metal Parts,3× Metal Parts,840.0,Weapon,,[],KEEP,61,31,[],[],[],
Kettle 2,,6× Rubber Parts 6× Metal Parts,6× Metal Parts,2000.0,Weapon,,[],KEEP,62,40,[],[],[],
Kettle 3,,1× Simple Gun Parts 12× Metal Parts,1× Simple Gun Parts,3000.0,Weapon,,[],KEEP,59,73,[],[],[],
Kettle 4,,2× Simple Gun Parts 2× Mechanical Components,2× Simple Gun Parts,5000.0,Weapon,,[],KEEP,61,66,[],[],[],
Rattler 1,,8× Metal Parts,4× Metal Parts,1750.0,Weapon,,[],KEEP,66,50,[],[],[],
Rattler 2,,12× Metal Parts,8× Metal Parts,3000.0,Weapon,,[],KEEP,70,33,[],[],[],
Rattler 3,,1× Simple Gun Parts 3× Mechanical Components,12× Metal Parts,5000.0,Weapon,,[],KEEP,55,60,[],[],[],
Rattler 4,,2× Simple Gun Parts 4× Mechanical Components,14× Metal Parts,7000.0,Weapon,,[],KEEP,54,67,[],[],[],
Arpeggio 1,,2× Simple Gun Parts 2× Mechanical Components,2× Simple Gun Parts,5500.0,Weapon,,[],KEEP,65,66,[],[],[],
Arpeggio 2,,3× Simple Gun Parts 3× Mechanical Components,3× Simple Gun Parts,8000.0,Weapon,,[],KEEP,64,66,[],[],[],
Arpeggio 3,,4× Simple Gun Parts 4× Mechanical Components,4× Simple Gun Parts,11500.0,Weapon,,[],KEEP,66,66,[],[],[],
Arpeggio 4,,5× Simple Gun Parts 5× Mechanical Components,5× Simple Gun Parts,15000.0,Weapon,,[],KEEP,68,66,[],[],[],
Tempest 1,,2× Medium Gun Parts 2× Advanced Mechanical Components,2× Medium Gun Parts,13000.0,Weapon,,[],KEEP,62,71,[],[],[],
Tempest 2,,3× Medium Gun Parts 3× Advanced Mechanical Components,3× Medium Gun Parts,17000.0,Weapon,,[],KEEP,57,71,[],[],[],
Tempest 3,,4× Medium Gun Parts 4× Advanced Mechanical Components,4× Medium Gun Parts,22000.0,Weapon,,[],KEEP,55,71,[],[],[],
Tempest 4,,4× Medium Gun Parts 5× Advanced Mechanical Components,5× Medium Gun Parts,27000.0,Weapon,,[],KEEP,57,70,[],[],[],
Bettina 1,,2× Heavy Gun Parts 1× Advanced Mechanical Components,1× Advanced Mechanical Components,8000.0,Weapon,,[],KEEP,61,44,[],[],[],
Bettina 2,,2× Heavy Gun Parts 2× Advanced Mechanical Components,2× Advanced Mechanical Components,11000.0,Weapon,,[],KEEP,55,29,[],[],[],
Bettina 3,,3× Heavy Gun Parts 2× Advanced Mechanical Components,3× Advanced Mechanical Components,14000.0,Weapon,,[],KEEP,60,6,[],[],[],
Bettina 4,,3× Heavy Gun Parts 3× Advanced Mechanical Components,4× Advanced Mechanical Components,18000.0,Weapon,,[],KEEP,59,5,[],[],[],
Ferro 1,,1× Rubber Parts 2× Metal Parts,2× Metal Parts,475.0,Weapon,,[],KEEP,58,25,[],[],[],
Ferro 2,,3× Rubber Parts 4× Metal Parts,2× Metal Parts,1000.0,Weapon,,[],RKEEP,55,67,[],[],[],
Ferro 3,,1× Simple Gun Parts 6× Metal Parts,1× Simple Gun Parts,2000.0,Weapon,,[],KEEP,61,58,[],[],[],
Ferro 4,,2× Simple Gun Parts 1× Mechanical Components,2× Simple Gun Parts,2900.0,Weapon,,[],KEEP,55,49,[],[],[],
Renegade 1,,2× Medium Gun Parts 1× Advanced Mechanical Components,2× Medium Gun Parts,7000.0,Weapon,,[],KEEP,55,56,[],[],[],
Renegade 2,,2× Medium Gun Parts 2× Advanced Mechanical Components,2× Medium Gun Parts,10000.0,Weapon,,[],KEEP,51,71,[],[],[],
Renegade 3,,3× Medium Gun Parts 2× Advanced Mechanical Components,3× Medium Gun Parts,13000.0,Weapon,,[],KEEP,57,62,[],[],[],
Renegade 4,,3× Medium Gun Parts 3× Advanced Mechanical Components,3× Medium Gun Parts,17000.0,Weapon,,[],KEEP,57,71,[],[],[],
Aphelion,,2× Magnetic Accelerator 1× Complex Gun Parts,?,27500.0,Weapon,,[],KEEP,53,-,[],[],[],
Stitcher 1,,2× Rubber Parts 3× Metal Parts,3× Metal Parts,800.0,Weapon,,[],KEEP,59,31,[],[],[],
Stitcher 2,,6× Rubber Parts 6× Metal Parts,6× Metal Parts,2000.0,Weapon,,[],KEEP,62,40,[],[],[],
Stitcher 3,,1× Simple Gun Parts 12× Metal Parts,1× Simple Gun Parts,3000.0,Weapon,,[],KEEP,59,73,[],[],[],
Stitcher 4,,2× Simple Gun Parts 2× Mechanical Components,2× Simple Gun Parts,5000.0,Weapon,,[],KEEP,61,66,[],[],[],
Bobcat 1,,2× Light Gun Parts 2× Advanced Mechanical Components,2× Light Gun Parts,13000.0,Weapon,,[],KEEP,62,71,[],[],[],
Bobcat 2,,3× Light Gun Parts 3× Advanced Mechanical Components,3× Light Gun Parts,17000.0,Weapon,,[],KEEP,57,71,[],[],[],
Bobcat 3,,4× Light Gun Parts 4× Advanced Mechanical Components,4× Light Gun Parts,22000.0,Weapon,,[],KEEP,55,71,[],[],[],
Bobcat 4,,4× Light Gun Parts 5× Advanced Mechanical Components,5× Light Gun Parts,27000.0,Weapon,,[],KEEP,57,70,[],[],[],
Il Toro 1,,2× Simple Gun Parts 2× Mechanical Components,2× Simple Gun Parts,5000.0,Weapon,,[],KEEP,61,66,[],[],[],
Il Toro 2,,3× Simple Gun Parts 3× Mechanical Components,3× Simple Gun Parts,7000.0,Weapon,,[],KEEP,58,66,[],[],[],
Il Toro 3,,4× Simple Gun Parts 4× Mechanical Components,4× Simple Gun Parts,10000.0,Weapon,,[],KEEP,61,66,[],[],[],
Il Toro 4,,5× Simple Gun Parts 5× Mechanical Components,5× Simple Gun Parts,13000.0,Weapon,,[],KEEP,63,66,[],[],[],
Vulcano 1,,2× Heavy Gun Parts 2× Advanced Mechanical Components,2× Heavy Gun Parts,10000.0,Weapon,,[],KEEP,51,71,[],[],[],
Vulcano 2,,3× Heavy Gun Parts 2× Advanced Mechanical Components,3× Heavy Gun Parts,13000.0,Weapon,,[],KEEP,57,62,[],[],[],
Vulcano 3,,4× Heavy Gun Parts 3× Advanced Mechanical Components,4× Heavy Gun Parts,17000.0,Weapon,,[],KEEP,53,65,[],[],[],
Vulcano 4,,5× Heavy Gun Parts 4× Advanced Mechanical Components,5× Heavy Gun Parts,22000.0,Weapon,,[],KEEP,52,67,[],[],[],
Hairpin 1,,1× Rubber Parts 2× Metal Parts,2× Metal Parts,450.0,Weapon,,[],KEEP,56,25,[],[],[],
Hairpin 2,,3× Rubber Parts 4× Metal Parts,4× Metal Parts,1000.0,Weapon,,[],KEEP,55,33,[],[],[],
Hairpin 3,,1× Simple Gun Parts 6× Metal Parts,1× Simple Gun Parts,2000.0,Weapon,,[],KEEP,61,58,[],[],[],
Hairpin 4,,2× Simple Gun Parts 1× Mechanical Components,2× Simple Gun Parts,2900.0,Weapon,,[],KEEP,55,49,[],[],[],
Burletta 1,,2× Simple Gun Parts 1× Mechanical Components,2× Simple Gun Parts,2900.0,Weapon,,[],KEEP,55,49,[],[],[],
Burletta 2,,2× Simple Gun Parts 2× Mechanical Components,2× Simple Gun Parts,5000.0,Weapon,,[],KEEP,61,66,[],[],[],
Burletta 3,,3× Simple Gun Parts 3× Mechanical Components,3× Simple Gun Parts,7000.0,Weapon,,[],KEEP,58,66,[],[],[],
Burletta 4,,4× Simple Gun Parts 4× Mechanical Components,3× Simple Gun Parts,10000.0,Weapon,,[],KEEP,61,74,[],[],[],
Anvil 1,,2× Simple Gun Parts 2× Mechanical Components,2× Simple Gun Parts,5000.0,Weapon,,[],KEEP,61,66,[],[],[],
Anvil 2,,3× Simple Gun Parts 3× Mechanical Components,3× Simple Gun Parts,7000.0,Weapon,,[],KEEP,58,66,[],[],[],
Anvil 3,,4× Simple Gun Parts 4× Mechanical Components,4× Simple Gun Parts,10000.0,Weapon,,[],KEEP,61,66,[],[],[],
Anvil 4,,5× Simple Gun Parts 5× Mechanical Components,5× Simple Gun Parts,13000.0,Weapon,,[],KEEP,63,66,[],[],[],
Venator 1,,2× Medium Gun Parts 1× Advanced Mechanical Components,2× Medium Gun Parts,7000.0,Weapon,,[],KEEP,55,56,[],[],[],
Venator 2,,2× Medium Gun Parts 2× Advanced Mechanical Components,2× Medium Gun Parts,10000.0,Weapon,,[],KEEP,51,71,[],[],[],
Venator 3,,3× Medium Gun Parts 2× Advanced Mechanical Components,3× Medium Gun Parts,13000.0,Weapon,,[],KEEP,57,62,[],[],[],
Venator 4,,3× Medium Gun Parts 3× Advanced Mechanical Components,3× Medium Gun Parts,17000.0,Weapon,,[],KEEP,57,71,[],[],[],
Torrente 1,,2× Medium Gun Parts 1× Advanced Mechanical Components,2× Medium Gun Parts,7000.0,Weapon,,[],KEEP,55,56,[],[],[],
Torrente 2,,2× Medium Gun Parts 2× Advanced Mechanical Components,2× Medium Gun Parts,10000.0,Weapon,,[],KEEP,51,71,[],[],[],
Torrente 3,,3× Medium Gun Parts 2× Advanced Mechanical Components,3× Medium Gun Parts,13000.0,Weapon,,[],KEEP,57,62,[],[],[],
Torrente 4,,3× Medium Gun Parts 3× Advanced Mechanical Components,3× Medium Gun Parts,17000.0,Weapon,,[],KEEP,57,71,[],[],[],
Osprey 1,,2× Medium Gun Parts 1× Advanced Mechanical Components,2× Medium Gun Parts,7000.0,Weapon,,[],KEEP,55,56,[],[],[],
Osprey 2,,2× Medium Gun Parts 2× Advanced Mechanical Components,2× Medium Gun Parts,10000.0,Weapon,,[],KEEP,51,71,[],[],[],
Osprey 3,,3× Medium Gun Parts 2× Advanced Mechanical Components,3× Medium Gun Parts,13000.0,Weapon,,[],KEEP,57,62,[],[],[],
Osprey 4,,3× Medium Gun Parts 3× Advanced Mechanical Components,3× Medium Gun Parts,17000.0,Weapon,,[],KEEP,57,71,[],[],[],
Jupiter,,2× Magnetic Accelerator 1× Complex Gun Parts,3× Advanced Mechanical Components,27500.0,Weapon,,[],KEEP,53,60,[],[],[],
Hullcracker 1,,2× Heavy Gun Parts 2× Advanced Mechanical Components,2× Heavy Gun Parts,10000.0,Weapon,,[],KEEP,51,71,[],[],[],
Hullcracker 2,,3× Heavy Gun Parts 2× Advanced Mechanical Components,3× Heavy Gun Parts,13000.0,Weapon,,[],KEEP,57,62,[],[],[],
Hullcracker 3,,4× Heavy Gun Parts 3× Advanced Mechanical Components,4× Heavy Gun Parts,17000.0,Weapon,,[],KEEP,53,65,[],[],[],
Hullcracker 4,,5× Heavy Gun Parts 4× Advanced Mechanical Components,5× Heavy Gun Parts,22000.0,Weapon,,[],KEEP,52,67,[],[],[],
Equalizer,,2× Magnetic Accelerator 1× Complex Gun Parts,1× Magnetic Accelerator,27500.0,Weapon,,[],KEEP,53,58,[],[],[],
Bandage,,2× Fabric,1× Fabric,250.0,Healing,,[],KEEP,60,50,[],[],[],
Defibrillator,,1× Moss 1× Plastic Parts,2× Chemicals,1000.0,Healing,,[],KEEP,44,82,[],[],[],
Fruit Mix,,,,1800.0,Healing,,[],KEEP,-,-,[],[],[],
Herbal Bandage,,2× Assorted Seeds 5× Fabric,8× Fabric,640.0,Healing,,[],KEEP,30,11,[],[],[],
Sterilized Bandage,,1× Fabric 1× Antiseptic,1× Durable Cloth,2000.0,Healing,,[],KEEP,48,39,[],[],[],
Vita Shot,,4× Chemicals 1× Syringe,?,2200.0,Healing,,[],KEEP,68,-,[],[],[],
Vita Spray,,1× Antiseptic 2× Canister,1× Antiseptic,3000.0,Healing,,[],KEEP,47,38,[],[],[],
Integrated Shield Recharger,,,,,Healing,,[],KEEP,-,-,[],[],[],
Shield Recharger,,4× Rubber Parts,3× Rubber Parts,520.0,Healing,,[],KEEP,62,25,[],[],[],
Surge Shield Recharger,,1× Electrical Components,5× Plastic Parts,1200.0,Healing,,[],KEEP,47,53,[],[],[],
Adrenaline Shot,,1× Chemicals 1× Plastic Parts,1× Chemicals,300.0,Healing,,[],KEEP,63,55,[],[],[],
Agave Juice,,1× Empty Wine Bottle,?,1800.0,Healing,,[],KEEP,44,-,[],[],[],
Blaze Grenade Trap,,,,1000.0,Trap,,[],KEEP,-,-,[],[],[],
Gas Grenade Trap,,,,300.0,Trap,,[],KEEP,-,-,[],[],[],
Lure Grenade Trap,,,,1000.0,Trap,,[],KEEP,-,-,[],[],[],
Smoke Grenade Trap,,,,640.0,Trap,,[],KEEP,-,-,[],[],[],
Explosive Mine,,,?,1500.0,Trap,,[],KEEP,-,-,[],[],[],
Gas Mine,,,2× Chemicals,270.0,Trap,,[],KEEP,-,-,[],[],[],
Jolt Mine,,,1× Battery,850.0,Trap,,[],KEEP,-,-,[],[],[],
Pulse Mine,,,3× Chemicals,470.0,Trap,,[],KEEP,-,-,[],[],[],
Deadline,,,,5000.0,Trap,,[],KEEP,-,-,[],[],[],
Free Loadout Augment,,,,100.0,Augment,,[],SELL,-,-,[],[],[],
Looting Mk. 1,,3× Rubber Parts 3× Plastic Parts,3× Plastic Parts,640.0,Augment,,[],KEEP,48,45,[],[],[],
Combat Mk. 1,,3× Rubber Parts 3× Plastic Parts,3× Plastic Parts,640.0,Augment,,[],KEEP,48,45,[],[],[],
Tactical Mk. 1,,3× Rubber Parts 3× Plastic Parts,3× Plastic Parts,640.0,Augment,,[],KEEP,48,45,[],[],[],
Looting Mk. 2,,1× Electrical Components 1× Magnet,1× Electrical Components,2000.0,Augment,,[],KEEP,53,32,[],[],[],
Combat Mk. 2,,1× Electrical Components 1× Magnet,1× Electrical Components,2000.0,Augment,,[],KEEP,53,32,[],[],[],
Tactical Mk. 2,,1× Electrical Components 1× Magnet,1× Electrical Components,2000.0,Augment,,[],KEEP,53,32,[],[],[],
Looting Mk. 3 (Cautious),,1× Processor 1× Advanced Electrical Components,?,5000.0,Augment,,[],KEEP,55,-,[],[],[],
Looting Mk. 3 (Survivor),,1× Processor 1× Advanced Electrical Components,?,5000.0,Augment,,[],KEEP,55,-,[],[],[],
Combat Mk. 3 (Aggressive),,1× Processor 1× Advanced Electrical Components,?,5000.0,Augment,,[],KEEP,55,-,[],[],[],
Combat Mk. 3 (Flanking),,1× Processor 1× Advanced Electrical Components,?,3000.0,Augment,,[],KEEP,25,-,[],[],[],
Tactical Mk. 3 (Defensive),,1× Processor 1× Advanced Electrical Components,?,5000.0,Augment,,[],KEEP,55,-,[],[],[],
Tactical Mk. 3 (Healing),,1× Processor 1× Advanced Electrical Components,2× Electrical Components,5000.0,Augment,,[],KEEP,55,43,[],[],[],
Light Impact Grenade,,1× Chemicals 1× Plastic Parts,1× Chemicals,270.0,Grenade,,[],KEEP,59,55,[],[],[],
Heavy Fuze Grenade,,1× Oil 2× Rubber Parts,1× Crude Explosives,1600.0,Grenade,,[],KEEP,75,32,[],[],[],
Blaze Grenade,,2× Oil 4× Metal Parts,1× Oil,1600.0,Grenade,,[],KEEP,44,67,[],[],['Blaze Grenade Trap'],
Gas Grenade,,1× Chemicals 1× Rubber Parts,1× Chemicals,270.0,Grenade,,[],KEEP,63,50,[],[],['Gas Grenade Trap'],
Showstopper,,2× Battery 1× Electrical Components,2× Battery,2200.0,Grenade,,[],KEEP,48,56,[],[],[],
Snap Blast Grenade,,1× Chemicals 1× Magnet,2× Chemicals,800.0,Grenade,,[],KEEP,56,71,[],[],[],
Seeker Grenade,,1× Crude Explosives,3× Chemicals,640.0,Grenade,,[],KEEP,58,44,[],[],[],
Shrapnel Grenade,,1× Crude Explosives 1× Metal Parts,?,,Grenade,800,[],KEEP,-,-,[],[],[],
Trigger 'Nade,,1× Chemicals 1× Processor,1× Processor,,Grenade,1000,[],KEEP,-,9,[],[],[],
Trailblazer,,2× Crude Explosives,1× Crude Explosives,,Grenade,1600,[],KEEP,-,50,[],[],[],
Wolfpack,,1× Explosive Compound 1× ARC Motion Core,2× Explosive Compound,5000.0,Grenade,,[],KEEP,60,0,[],[],[],
Lure Grenade,,1× Speaker Component,1× Speaker Component,1000.0,Grenade,,[],KEEP,50,0,[],[],['Lure Grenade Trap'],
Li'l Smoke Grenade,,1× Chemicals 1× Plastic Parts,?,300.0,Grenade,,[],KEEP,63,-,[],[],[],
Smoke Grenade,,2× Chemicals 1× Canister,3× Chemicals,1000.0,Grenade,,[],KEEP,60,62,[],[],['Smoke Grenade Trap'],
Tagging Grenade,,1× Sensors 1× Plastic Parts,1× Sensors,1000.0,Grenade,,[],KEEP,44,11,[],[],[],
Light Stick,,1× Chemicals,1× Chemicals,150.0,Grenade,,[],KEEP,67,0,[],[],[],
Barricade Kit,,4× Metal Parts,3× Metal Parts,640.0,Quick Use,,[],KEEP,53,25,[],[],[],
Door Blocker,,2× Metal Parts,1× Metal Parts,270.0,Quick Use,,[],KEEP,44,50,[],[],[],
Remote Raider Flare,,1× Chemicals 1× Rubber Parts,?,270.0,Quick Use,,[],KEEP,63,-,[],[],[],
Zipline,,1× Metal Parts 1× Rope,?,1000.0,Quick Use,,[],KEEP,42,-,[],[],[],
Binoculars,,2× Rubber Parts 4× Plastic Parts,4× Plastic Parts,640.0,Quick Use,,[],KEEP,47,29,[],[],[],
Flame Spray,,1× Canister 1× Fireball Burner,1× Fireball Burner,2000.0,Quick Use,,[],KEEP,53,32,[],[],[],
Integrated Binoculars,,,,,Quick Use,,[],KEEP,-,-,[],[],[],
Noisemaker,,1× Speaker Component,1× Speaker Component,640.0,Quick Use,,[],KEEP,22,0,[],[],[],
Photoelectric Cloak,,1× Speaker Component 1× Advanced Electrical Components,1× Advanced Electrical Components,5000.0,Quick Use,,[],KEEP,55,22,[],[],[],
Recorder,,10× Plastic Parts,?,1000.0,Quick Use,,[],KEEP,40,-,[],[],[],
Snap Hook,,1× Power Rod 3× Rope,2× Advanced Electrical Components,14000.0,Quick Use,,[],KEEP,50,50,[],[],[],
Compensator I,,5× Metal Parts,3× Metal Parts,640.0,Weapon Modification,,[],KEEP,41,40,[],[],[],
Muzzle Brake I,,5× Metal Parts,3× Metal Parts,640.0,Weapon Modification,,[],KEEP,41,40,[],[],[],
Shotgun Choke I,,5x Metal Parts,3x Metal Parts,640.0,Weapon Modification,,[],KEEP,41,40,[],[],[],
Angled Grip I,,6× Plastic Parts,3× Plastic Parts,640.0,Weapon Modification,,[],KEEP,44,50,[],[],[],
Vertical Grip I,,6x Plastic Parts,3x Plastic Parts,640.0,Weapon Modification,,[],KEEP,44,50,[],[],[],
Extended Light Mag I,,6x Plastic Parts,3x Plastic Parts,640.0,Weapon Modification,,[],KEEP,44,50,[],[],[],
Extended Medium Mag I,,6× Plastic Parts,3× Plastic Parts,640.0,Weapon Modification,,[],KEEP,44,50,[],[],[],
Extended Shotgun Mag I,,6× Plastic Parts,3× Plastic Parts,640.0,Weapon Modification,,[],KEEP,44,50,[],[],[],
Stable Stock I,,6x Rubber Parts,3x Rubber Parts,640.0,Weapon Modification,,[],KEEP,53,50,[],[],[],
Compensator II,,1× Wires 1× Mechanical Components,1× Mechanical Components,2000.0,Weapon Modification,,[],KEEP,58,24,[],[],[],
Muzzle Brake II,,1× Wires 1× Mechanical Components,1× Mechanical Components,2000.0,Weapon Modification,,[],KEEP,58,24,[],[],[],
Shotgun Choke II,,1x Mechanical Components 1x Wires,1x Mechanical Components,2000.0,Weapon Modification,,[],KEEP,58,24,[],[],[],
Silencer I,,1x Mechanical Components 1x Wires,1x Mechanical Components,2000.0,Weapon Modification,,[],KEEP,58,24,[],[],[],
Angled Grip II,,1× Duct Tape 1× Mechanical Components,1× Mechanical Components,2000.0,Weapon Modification,,[],KEEP,53,32,[],[],[],
Vertical Grip II,,1x Mechanical Components 1x Duct Tape,?,2000.0,Weapon Modification,,[],KEEP,53,-,[],[],[],
Extended Light Mag II,,1× Steel Spring 1× Mechanical Components,1× Mechanical Components,2000.0,Weapon Modification,,[],KEEP,53,32,[],[],[],
Extended Medium Mag II,,1× Steel Spring 1× Mechanical Components,1× Mechanical Components,2000.0,Weapon Modification,,[],KEEP,53,32,[],[],[],
Extended Shotgun Mag II,,1× Steel Spring 1× Mechanical Components,1× Mechanical Components,2000.0,Weapon Modification,,[],KEEP,53,32,[],[],[],
Stable Stock II,,1x Mechanical Components 1x Duct Tape,1x Mechanical Components,2000.0,Weapon Modification,,[],KEEP,53,32,[],[],[],
Compensator III,,2× Wires 1× Mod Components,?,5000.0,Weapon Modification,,[],KEEP,32,-,[],[],[],
Muzzle Brake III,,2× Wires 1× Mod Components,?,5000.0,Weapon Modification,,[],KEEP,32,-,[],[],[],
Shotgun Choke III,,1x Mod Components 2 Wires,?,5000.0,Weapon Modification,,[],KEEP,-,-,[],[],[],
Silencer II,,1x Mod Components 2x Wires,2x Mechanical Components,5000.0,Weapon Modification,,[],KEEP,32,62,[],[],[],
Silencer III,,1x Mod Components 3x Wires,1x Mod Components,7000.0,Weapon Modification,,[],KEEP,49,17,[],[],[],
Shotgun Silencer,,1x Mod Components 1x Wires,2x Mechanical Components,5000.0,Weapon Modification,,[],KEEP,36,60,[],[],[],
Extended Barrel,,1× Wires 1× Mod Components,2× Mechanical Components,5000.0,Weapon Modification,,[],KEEP,36,60,[],[],[],
Angled Grip III,,2× Duct Tape 1× Mod Components,2× Mechanical Components,5000.0,Weapon Modification,,[],KEEP,28,64,[],[],[],
Vertical Grip III,,2x Mechanical Components 2x Duct Tape,2x Mechanical Components,5000.0,Weapon Modification,,[],KEEP,62,32,[],[],[],
Horizontal Grip,,2× Duct Tape 1× Mod Components,2× Mechanical Components,7000.0,Weapon Modification,,[],KEEP,49,64,[],[],[],
Extended Light Mag III,,2× Steel Spring 1× Mod Components,2× Mechanical Components,5000.0,Weapon Modification,,[],KEEP,28,64,[],[],[],
Extended Medium Mag III,,2× Steel Spring 1× Mod Components,2× Mechanical Components,5000.0,Weapon Modification,,[],KEEP,28,64,[],[],[],
Extended Shotgun Mag III,,2× Steel Spring 1× Mod Components,?,5000.0,Weapon Modification,,[],KEEP,28,-,[],[],[],
Stable Stock III,,1x Mod Components 2x Duct Tape,2x Mechanical Components,5000.0,Weapon Modification,,[],KEEP,28,64,[],[],[],
Lightweight Stock,,1× Duct Tape 1× Mod Components,?,5000.0,Weapon Modification,,[],KEEP,34,-,[],[],[],
Padded Stock,,1× Duct Tape 1× Mod Components,?,5000.0,Weapon Modification,,[],KEEP,34,-,[],[],[],
Kinetic Converter,,2× Duct Tape 1× Mod Components,2× Mechanical Components,7000.0,Weapon Modification,,[],KEEP,49,64,[],[],[],
Anvil Splitter,,1× Processor 1× Mod Components,2× Mechanical Components,7000.0,Weapon Modification,,[],KEEP,50,63,[],[],[],
Light Shield,Uncommon,4× Plastic Parts,1× ARC Alloy,640.0,Shield,,[],KEEP,62,17,[],[],[],
Medium Shield,Rare,1× ARC Circuitry,?,2000.0,Shield,,[],KEEP,50,-,[],[],[],
Heavy Shield,Epic,1× Power Rod,?,5500.0,Shield,,[],KEEP,0,-,[],[],[],
Light Ammo,Common,?,?,4.0,Ammo,,[],KEEP,-,-,[],[],[],
Medium Ammo,Common,?,?,4.0,Ammo,,[],KEEP,-,-,[],[],[],
Heavy Ammo,Common,?,?,4.0,Ammo,,[],KEEP,-,-,[],[],[],
Shotgun Ammo,Common,?,?,4.0,Ammo,,[],KEEP,-,-,[],[],[],
Energy Clip,Rare,?,?,25.0,Ammo,,[],KEEP,-,-,[],[],[],
Launcher Ammo,Rare,?,?,4500.0,Ammo,,[],KEEP,-,-,[],[],[],
Anvil Blueprint,,Cannot be recycled,,5000.0,Blueprint,,[],KEEP,-,-,[],[],[],
Angled Grip II Blueprint,,Cannot be recycled,,5000.0,Blueprint,,[],KEEP,-,-,[],[],[],
Angled Grip III Blueprint,,Cannot be recycled,,5000.0,Blueprint,,[],KEEP,-,-,[],[],[],
Aphelion Blueprint,,Cannot be recycled,,5000.0,Blueprint,,[],KEEP,-,-,[],[],[],
Barricade Kit Blueprint,,Cannot be recycled,,5000.0,Blueprint,,[],KEEP,-,-,[],[],[],
Bettina Blueprint,,Cannot be recycled,,5000.0,Blueprint,,[],KEEP,-,-,[],[],[],
Blaze Grenade Blueprint,,Cannot be recycled,,5000.0,Blueprint,,[],KEEP,-,-,[],[],[],
Bobcat Blueprint,,Cannot be recycled,,5000.0,Blueprint,,[],KEEP,-,-,[],[],[],
Burletta Blueprint,,Cannot be recycled,,5000.0,Blueprint,,[],KEEP,-,-,[],[],[],
Combat Mk. 3 (Aggressive) Blueprint,,Cannot be recycled,,5000.0,Blueprint,,[],KEEP,-,-,[],[],[],
Combat Mk. 3 (Flanking) Blueprint,,Cannot be recycled,,5000.0,Blueprint,,[],KEEP,-,-,[],[],[],
Compensator II Blueprint,,Cannot be recycled,,5000.0,Blueprint,,[],KEEP,-,-,[],[],[],
Compensator III Blueprint,,Cannot be recycled,,5000.0,Blueprint,,[],KEEP,-,-,[],[],[],
Complex Gun Parts Blueprint,,Cannot be recycled,,5000.0,Blueprint,,[],KEEP,-,-,[],[],[],
Defibrillator Blueprint,,Cannot be recycled,,5000.0,Blueprint,,[],KEEP,-,-,[],[],[],
Explosive Mine Blueprint,,Cannot be recycled,,5000.0,Blueprint,,[],KEEP,-,-,[],[],[],
Extended Barrel Blueprint,,Cannot be recycled,,5000.0,Blueprint,,[],KEEP,-,-,[],[],[],
Extended Light Magazine II Blueprint,,Cannot be recycled,,5000.0,Blueprint,,[],KEEP,-,-,[],[],[],
Extended Light Magazine III Blueprint,,Cannot be recycled,,5000.0,Blueprint,,[],KEEP,-,-,[],[],[],
Extended Medium Magazine II Blueprint,,Cannot be recycled,,5000.0,Blueprint,,[],KEEP,-,-,[],[],[],
Extended Medium Magazine III Blueprint,,Cannot be recycled,,5000.0,Blueprint,,[],KEEP,-,-,[],[],[],
Extended Shotgun Magazine II Blueprint,,Cannot be recycled,,5000.0,Blueprint,,[],KEEP,-,-,[],[],[],
Extended Shotgun Magazine III Blueprint,,Cannot be recycled,,5000.0,Blueprint,,[],KEEP,-,-,[],[],[],
Equalizer Blueprint,,Cannot be recycled,,5000.0,Blueprint,,[],KEEP,-,-,[],[],[],
Heavy Gun Parts Blueprint,,Cannot be recycled,,5000.0,Blueprint,,[],KEEP,-,-,[],[],[],
Horizontal Grip Blueprint,,Cannot be recycled,,5000.0,Blueprint,,[],KEEP,-,-,[],[],[],
Hullcracker Blueprint,,Cannot be recycled,,5000.0,Blueprint,,[],KEEP,-,-,[],[],[],
Il Toro Blueprint,,Cannot be recycled,,5000.0,Blueprint,,[],KEEP,-,-,[],[],[],
Jolt Mine Blueprint,,Cannot be recycled,,5000.0,Blueprint,,[],KEEP,-,-,[],[],[],
Jupiter Blueprint,,Cannot be recycled,,5000.0,Blueprint,,[],KEEP,-,-,[],[],[],
Light Gun Parts Blueprint,,Cannot be recycled,,5000.0,Blueprint,,[],KEEP,-,-,[],[],[],
Light Stick (Any Color) Blueprint,,Cannot be recycled,,5000.0,Blueprint,,[],KEEP,-,-,[],[],[],
Lightweight Stock Blueprint,,Cannot be recycled,,5000.0,Blueprint,,[],KEEP,-,-,[],[],[],
Looting Mk. 3 (Survivor) Blueprint,,Cannot be recycled,,5000.0,Blueprint,,[],KEEP,-,-,[],[],[],
Lure Grenade Blueprint,,Cannot be recycled,,5000.0,Blueprint,,[],KEEP,-,-,[],[],[],
Medium Gun Parts Blueprint,,Cannot be recycled,,5000.0,Blueprint,,[],KEEP,-,-,[],[],[],
Muzzle Brake II Blueprint,,Cannot be recycled,,5000.0,Blueprint,,[],KEEP,-,-,[],[],[],
Muzzle Brake III Blueprint,,Cannot be recycled,,5000.0,Blueprint,,[],KEEP,-,-,[],[],[],
Osprey Blueprint,,Cannot be recycled,,5000.0,Blueprint,,[],KEEP,-,-,[],[],[],
Padded Stock Blueprint,,Cannot be recycled,,5000.0,Blueprint,,[],KEEP,-,-,[],[],[],
Remote Raider Flare Blueprint,,Cannot be recycled,,5000.0,Blueprint,,[],KEEP,-,-,[],[],[],
Shotgun Choke II Blueprint,,Cannot be recycled,,5000.0,Blueprint,,[],KEEP,-,-,[],[],[],
Shotgun Choke III Blueprint,,Cannot be recycled,,5000.0,Blueprint,,[],KEEP,-,-,[],[],[],
Shotgun Silencer Blueprint,,Cannot be recycled,,5000.0,Blueprint,,[],KEEP,-,-,[],[],[],
Showstopper Blueprint,,Cannot be recycled,,5000.0,Blueprint,,[],KEEP,-,-,[],[],[],
Silencer I Blueprint,,Cannot be recycled,,5000.0,Blueprint,,[],KEEP,-,-,[],[],[],
Silencer II Blueprint,,Cannot be recycled,,5000.0,Blueprint,,[],KEEP,-,-,[],[],[],
Smoke Grenade Blueprint,,Cannot be recycled,,5000.0,Blueprint,,[],KEEP,-,-,[],[],[],
Snap Hook Blueprint,,Cannot be recycled,,5000.0,Blueprint,,[],KEEP,-,-,[],[],[],
Stable Stock II Blueprint,,Cannot be recycled,,5000.0,Blueprint,,[],KEEP,-,-,[],[],[],
Stable Stock III Blueprint,,Cannot be recycled,,5000.0,Blueprint,,[],KEEP,-,-,[],[],[],
Tactical Mk. 3 (Defensive) Blueprint,,Cannot be recycled,,5000.0,Blueprint,,[],KEEP,-,-,[],[],[],
Tactical Mk. 3 (Healing) Blueprint,,Cannot be recycled,,5000.0,Blueprint,,[],KEEP,-,-,[],[],[],
Tagging Grenade Blueprint,,Cannot be recycled,,5000.0,Blueprint,,[],KEEP,-,-,[],[],[],
Tempest Blueprint,,Cannot be recycled,,5000.0,Blueprint,,[],KEEP,-,-,[],[],[],
Torrente Blueprint,,Cannot be recycled,,5000.0,Blueprint,,[],KEEP,-,-,[],[],[],
Trigger 'Nade Blueprint,,Cannot be recycled,,5000.0,Blueprint,,[],KEEP,-,-,[],[],[],
Venator Blueprint,,Cannot be recycled,,5000.0,Blueprint,,[],KEEP,-,-,[],[],[],
Vertical Grip II Blueprint,,Cannot be recycled,,5000.0,Blueprint,,[],KEEP,-,-,[],[],[],
Vertical Grip III Blueprint,,Cannot be recycled,,5000.0,Blueprint,,[],KEEP,-,-,[],[],[],
Vita Shot Blueprint,,Cannot be recycled,,5000.0,Blueprint,,[],KEEP,-,-,[],[],[],
Vita Spray Blueprint,,Cannot be recycled,,5000.0,Blueprint,,[],KEEP,-,-,[],[],[],
Vulcano Blueprint,,Cannot be recycled,,5000.0,Blueprint,,[],KEEP,-,-,[],[],[],
Wolfpack Blueprint,,Cannot be recycled,,5000.0,Blueprint,,[],KEEP,-,-,[],[],[],
Blue Light Stick,Common,1× Chemicals,1× Chemicals,150.0,Quick Use,,[],RECYCLE,-,-,[],[],[],
Yellow Light Stick,Common,1× Chemicals,1× Chemicals,150.0,Quick Use,,[],RECYCLE,-,-,[],[],[],
Green Light Stick,Common,1× Chemicals,1× Chemicals,150.0,Quick Use,,[],RECYCLE,-,-,[],[],[],
Red Light Stick,Common,1× Chemicals,1× Chemicals,150.0,Quick Use,,[],RECYCLE,-,-,[],[],[],